img_path,predicted_label_id,predicted_class_name,confidence,manual_label_id,manual_class_name
img_03658.jpg,9,mochi,0.162956103682518,17,sweet_potato_ball
img_04702.jpg,9,mochi,0.1799102574586868,3,coffin_toast
img_01894.jpg,6,grilled_taiwanese_sausage,0.3133416473865509,6,grilled_taiwanese_sausage
img_00682.jpg,1,braised_pork_over_rice,0.3288756310939789,19,taro_ball
img_02338.jpg,15,scallion_pancake,0.3416039943695068,6,grilled_taiwanese_sausage
img_00693.jpg,15,scallion_pancake,0.3919078409671783,15,scallion_pancake
img_01536.jpg,12,pineapple_cake,0.3919302225112915,2,bubble_tea
img_04651.jpg,0,beef_noodles,0.4300674200057983,0,beef_noodles
img_03441.jpg,21,turkey_rice,0.4378789961338043,15,scallion_pancake
img_04615.jpg,4,deep-fried_chicken_cutlets,0.4391369223594665,4,deep-fried_chicken_cutlets
img_03993.jpg,13,potsticker,0.4507983326911926,5,egg_pancake_roll
img_01167.jpg,0,beef_noodles,0.4655767977237701,17,sweet_potato_ball
img_01909.jpg,21,turkey_rice,0.4789594113826751,21,turkey_rice
img_04307.jpg,15,scallion_pancake,0.4836179614067077,8,mango_shaved_ice
img_04123.jpg,10,oyster_omelet,0.4844866991043091,10,oyster_omelet
img_02719.jpg,10,oyster_omelet,0.4848469197750091,7,iron_egg
img_03888.jpg,17,sweet_potato_ball,0.4906851947307586,3,coffin_toast
img_03899.jpg,15,scallion_pancake,0.5067614912986755,5,egg_pancake_roll
img_03749.jpg,14,rice_dumpling,0.5133508443832397,14,rice_dumpling
img_02576.jpg,21,turkey_rice,0.513397216796875,1,braised_pork_over_rice
img_02777.jpg,23,xiaolongbao,0.537510335445404,23,xiaolongbao
img_03729.jpg,5,egg_pancake_roll,0.546173632144928,13,potsticker
img_00625.jpg,5,egg_pancake_roll,0.5463740229606628,13,potsticker
img_04069.jpg,16,stinky_tofu,0.5502476096153259,16,stinky_tofu
img_00951.jpg,5,egg_pancake_roll,0.5540765523910522,5,egg_pancake_roll
img_04408.jpg,4,deep-fried_chicken_cutlets,0.5561089515686035,13,potsticker
img_01322.jpg,11,papaya_milk,0.5620685815811157,11,papaya_milk
img_02323.jpg,23,xiaolongbao,0.5621798038482666,15,scallion_pancake
img_03794.jpg,22,turnip_cake,0.573205828666687,16,stinky_tofu
img_00793.jpg,5,egg_pancake_roll,0.5818234086036682,5,egg_pancake_roll
img_00307.jpg,1,braised_pork_over_rice,0.5863071084022522,1,braised_pork_over_rice
img_03005.jpg,0,beef_noodles,0.5923480987548828,10,oyster_omelet
img_03860.jpg,10,oyster_omelet,0.595855176448822,10,oyster_omelet
img_04305.jpg,21,turkey_rice,0.5996941328048706,16,stinky_tofu
img_03770.jpg,22,turnip_cake,0.6103267669677734,13,potsticker
img_01698.jpg,19,taro_ball,0.6117678880691528,19,taro_ball
img_03378.jpg,9,mochi,0.6185116767883301,9,mochi
img_04160.jpg,5,egg_pancake_roll,0.6207261681556702,13,potsticker
img_00360.jpg,8,mango_shaved_ice,0.6286279559135437,8,mango_shaved_ice
img_01570.jpg,13,potsticker,0.65607750415802,13,potsticker
img_03939.jpg,5,egg_pancake_roll,0.6570240259170532,13,potsticker
img_00361.jpg,10,oyster_omelet,0.6654528379440308,5,egg_pancake_roll
img_01760.jpg,4,deep-fried_chicken_cutlets,0.6771372556686401,4,deep-fried_chicken_cutlets
img_02758.jpg,9,mochi,0.6774345636367798,6,grilled_taiwanese_sausage
img_01101.jpg,4,deep-fried_chicken_cutlets,0.6816118955612183,4,deep-fried_chicken_cutlets
img_00674.jpg,22,turnip_cake,0.6890953779220581,22,turnip_cake
img_02859.jpg,21,turkey_rice,0.6909160614013672,22,turnip_cake
img_01664.jpg,10,oyster_omelet,0.6927095055580139,10,oyster_omelet
img_02283.jpg,13,potsticker,0.6970379948616028,5,egg_pancake_roll
img_04543.jpg,0,beef_noodles,0.6978555917739868,16,stinky_tofu
