filename,label
img_00000.jpg,
img_00001.jpg,
img_00002.jpg,
img_00003.jpg,
img_00004.jpg,
img_00005.jpg,
img_00006.jpg,
img_00007.jpg,
img_00008.jpg,
img_00009.jpg,
img_00010.jpg,
img_00011.jpg,
img_00012.jpg,
img_00013.jpg,
img_00014.jpg,
img_00015.jpg,
img_00016.jpg,
img_00017.jpg,
img_00018.jpg,
img_00019.jpg,
img_00020.jpg,
img_00021.jpg,
img_00022.jpg,
img_00023.jpg,
img_00024.jpg,
img_00025.jpg,
img_00026.jpg,
img_00027.jpg,
img_00028.jpg,
img_00029.jpg,
img_00030.jpg,
img_00031.jpg,
img_00032.jpg,
img_00033.jpg,
img_00034.jpg,
img_00035.jpg,
img_00036.jpg,
img_00037.jpg,
img_00038.jpg,
img_00039.jpg,
img_00040.jpg,
img_00041.jpg,
img_00042.jpg,
img_00043.jpg,
img_00044.jpg,
img_00045.jpg,
img_00046.jpg,
img_00047.jpg,
img_00048.jpg,
img_00049.jpg,
img_00050.jpg,
img_00051.jpg,
img_00052.jpg,
img_00053.jpg,
img_00054.jpg,
img_00055.jpg,
img_00056.jpg,
img_00057.jpg,
img_00058.jpg,
img_00059.jpg,
img_00060.jpg,
img_00061.jpg,
img_00062.jpg,
img_00063.jpg,
img_00064.jpg,
img_00065.jpg,
img_00066.jpg,
img_00067.jpg,
img_00068.jpg,
img_00069.jpg,
img_00070.jpg,
img_00071.jpg,
img_00072.jpg,
img_00073.jpg,
img_00074.jpg,
img_00075.jpg,
img_00076.jpg,
img_00077.jpg,
img_00078.jpg,
img_00079.jpg,
img_00080.jpg,
img_00081.jpg,
img_00082.jpg,
img_00083.jpg,
img_00084.jpg,
img_00085.jpg,
img_00086.jpg,
img_00087.jpg,
img_00088.jpg,
img_00089.jpg,
img_00090.jpg,
img_00091.jpg,
img_00092.jpg,
img_00093.jpg,
img_00094.jpg,
img_00095.jpg,
img_00096.jpg,
img_00097.jpg,
img_00098.jpg,
img_00099.jpg,
img_00100.jpg,
img_00101.jpg,
img_00102.jpg,
img_00103.jpg,
img_00104.jpg,
img_00105.jpg,
img_00106.jpg,
img_00107.jpg,
img_00108.jpg,
img_00109.jpg,
img_00110.jpg,
img_00111.jpg,
img_00112.jpg,
img_00113.jpg,
img_00114.jpg,
img_00115.jpg,
img_00116.jpg,
img_00117.jpg,
img_00118.jpg,
img_00119.jpg,
img_00120.jpg,
img_00121.jpg,
img_00122.jpg,
img_00123.jpg,
img_00124.jpg,
img_00125.jpg,
img_00126.jpg,
img_00127.jpg,
img_00128.jpg,
img_00129.jpg,
img_00130.jpg,
img_00131.jpg,
img_00132.jpg,
img_00133.jpg,
img_00134.jpg,
img_00135.jpg,
img_00136.jpg,
img_00137.jpg,
img_00138.jpg,
img_00139.jpg,
img_00140.jpg,
img_00141.jpg,
img_00142.jpg,
img_00143.jpg,
img_00144.jpg,
img_00145.jpg,
img_00146.jpg,
img_00147.jpg,
img_00148.jpg,
img_00149.jpg,
img_00150.jpg,
img_00151.jpg,
img_00152.jpg,
img_00153.jpg,
img_00154.jpg,
img_00155.jpg,
img_00156.jpg,
img_00157.jpg,
img_00158.jpg,
img_00159.jpg,
img_00160.jpg,
img_00161.jpg,
img_00162.jpg,
img_00163.jpg,
img_00164.jpg,
img_00165.jpg,
img_00166.jpg,
img_00167.jpg,
img_00168.jpg,
img_00169.jpg,
img_00170.jpg,
img_00171.jpg,
img_00172.jpg,
img_00173.jpg,
img_00174.jpg,
img_00175.jpg,
img_00176.jpg,
img_00177.jpg,
img_00178.jpg,
img_00179.jpg,
img_00180.jpg,
img_00181.jpg,
img_00182.jpg,
img_00183.jpg,
img_00184.jpg,
img_00185.jpg,
img_00186.jpg,
img_00187.jpg,
img_00188.jpg,
img_00189.jpg,
img_00190.jpg,
img_00191.jpg,
img_00192.jpg,
img_00193.jpg,
img_00194.jpg,
img_00195.jpg,
img_00196.jpg,
img_00197.jpg,
img_00198.jpg,
img_00199.jpg,
img_00200.jpg,
img_00201.jpg,
img_00202.jpg,
img_00203.jpg,
img_00204.jpg,
img_00205.jpg,
img_00206.jpg,
img_00207.jpg,
img_00208.jpg,
img_00209.jpg,
img_00210.jpg,
img_00211.jpg,
img_00212.jpg,
img_00213.jpg,
img_00214.jpg,
img_00215.jpg,
img_00216.jpg,
img_00217.jpg,
img_00218.jpg,
img_00219.jpg,
img_00220.jpg,
img_00221.jpg,
img_00222.jpg,
img_00223.jpg,
img_00224.jpg,
img_00225.jpg,
img_00226.jpg,
img_00227.jpg,
img_00228.jpg,
img_00229.jpg,
img_00230.jpg,
img_00231.jpg,
img_00232.jpg,
img_00233.jpg,
img_00234.jpg,
img_00235.jpg,
img_00236.jpg,
img_00237.jpg,
img_00238.jpg,
img_00239.jpg,
img_00240.jpg,
img_00241.jpg,
img_00242.jpg,
img_00243.jpg,
img_00244.jpg,
img_00245.jpg,
img_00246.jpg,
img_00247.jpg,
img_00248.jpg,
img_00249.jpg,
img_00250.jpg,
img_00251.jpg,
img_00252.jpg,
img_00253.jpg,
img_00254.jpg,
img_00255.jpg,
img_00256.jpg,
img_00257.jpg,
img_00258.jpg,
img_00259.jpg,
img_00260.jpg,
img_00261.jpg,
img_00262.jpg,
img_00263.jpg,
img_00264.jpg,
img_00265.jpg,
img_00266.jpg,
img_00267.jpg,
img_00268.jpg,
img_00269.jpg,
img_00270.jpg,
img_00271.jpg,
img_00272.jpg,
img_00273.jpg,
img_00274.jpg,
img_00275.jpg,
img_00276.jpg,
img_00277.jpg,
img_00278.jpg,
img_00279.jpg,
img_00280.jpg,
img_00281.jpg,
img_00282.jpg,
img_00283.jpg,
img_00284.jpg,
img_00285.jpg,
img_00286.jpg,
img_00287.jpg,
img_00288.jpg,
img_00289.jpg,
img_00290.jpg,
img_00291.jpg,
img_00292.jpg,
img_00293.jpg,
img_00294.jpg,
img_00295.jpg,
img_00296.jpg,
img_00297.jpg,
img_00298.jpg,
img_00299.jpg,
img_00300.jpg,
img_00301.jpg,
img_00302.jpg,
img_00303.jpg,
img_00304.jpg,
img_00305.jpg,
img_00306.jpg,
img_00307.jpg,
img_00308.jpg,
img_00309.jpg,
img_00310.jpg,
img_00311.jpg,
img_00312.jpg,
img_00313.jpg,
img_00314.jpg,
img_00315.jpg,
img_00316.jpg,
img_00317.jpg,
img_00318.jpg,
img_00319.jpg,
img_00320.jpg,
img_00321.jpg,
img_00322.jpg,
img_00323.jpg,
img_00324.jpg,
img_00325.jpg,
img_00326.jpg,
img_00327.jpg,
img_00328.jpg,
img_00329.jpg,
img_00330.jpg,
img_00331.jpg,
img_00332.jpg,
img_00333.jpg,
img_00334.jpg,
img_00335.jpg,
img_00336.jpg,
img_00337.jpg,
img_00338.jpg,
img_00339.jpg,
img_00340.jpg,
img_00341.jpg,
img_00342.jpg,
img_00343.jpg,
img_00344.jpg,
img_00345.jpg,
img_00346.jpg,
img_00347.jpg,
img_00348.jpg,
img_00349.jpg,
img_00350.jpg,
img_00351.jpg,
img_00352.jpg,
img_00353.jpg,
img_00354.jpg,
img_00355.jpg,
img_00356.jpg,
img_00357.jpg,
img_00358.jpg,
img_00359.jpg,
img_00360.jpg,
img_00361.jpg,
img_00362.jpg,
img_00363.jpg,
img_00364.jpg,
img_00365.jpg,
img_00366.jpg,
img_00367.jpg,
img_00368.jpg,
img_00369.jpg,
img_00370.jpg,
img_00371.jpg,
img_00372.jpg,
img_00373.jpg,
img_00374.jpg,
img_00375.jpg,
img_00376.jpg,
img_00377.jpg,
img_00378.jpg,
img_00379.jpg,
img_00380.jpg,
img_00381.jpg,
img_00382.jpg,
img_00383.jpg,
img_00384.jpg,
img_00385.jpg,
img_00386.jpg,
img_00387.jpg,
img_00388.jpg,
img_00389.jpg,
img_00390.jpg,
img_00391.jpg,
img_00392.jpg,
img_00393.jpg,
img_00394.jpg,
img_00395.jpg,
img_00396.jpg,
img_00397.jpg,
img_00398.jpg,
img_00399.jpg,
img_00400.jpg,
img_00401.jpg,
img_00402.jpg,
img_00403.jpg,
img_00404.jpg,
img_00405.jpg,
img_00406.jpg,
img_00407.jpg,
img_00408.jpg,
img_00409.jpg,
img_00410.jpg,
img_00411.jpg,
img_00412.jpg,
img_00413.jpg,
img_00414.jpg,
img_00415.jpg,
img_00416.jpg,
img_00417.jpg,
img_00418.jpg,
img_00419.jpg,
img_00420.jpg,
img_00421.jpg,
img_00422.jpg,
img_00423.jpg,
img_00424.jpg,
img_00425.jpg,
img_00426.jpg,
img_00427.jpg,
img_00428.jpg,
img_00429.jpg,
img_00430.jpg,
img_00431.jpg,
img_00432.jpg,
img_00433.jpg,
img_00434.jpg,
img_00435.jpg,
img_00436.jpg,
img_00437.jpg,
img_00438.jpg,
img_00439.jpg,
img_00440.jpg,
img_00441.jpg,
img_00442.jpg,
img_00443.jpg,
img_00444.jpg,
img_00445.jpg,
img_00446.jpg,
img_00447.jpg,
img_00448.jpg,
img_00449.jpg,
img_00450.jpg,
img_00451.jpg,
img_00452.jpg,
img_00453.jpg,
img_00454.jpg,
img_00455.jpg,
img_00456.jpg,
img_00457.jpg,
img_00458.jpg,
img_00459.jpg,
img_00460.jpg,
img_00461.jpg,
img_00462.jpg,
img_00463.jpg,
img_00464.jpg,
img_00465.jpg,
img_00466.jpg,
img_00467.jpg,
img_00468.jpg,
img_00469.jpg,
img_00470.jpg,
img_00471.jpg,
img_00472.jpg,
img_00473.jpg,
img_00474.jpg,
img_00475.jpg,
img_00476.jpg,
img_00477.jpg,
img_00478.jpg,
img_00479.jpg,
img_00480.jpg,
img_00481.jpg,
img_00482.jpg,
img_00483.jpg,
img_00484.jpg,
img_00485.jpg,
img_00486.jpg,
img_00487.jpg,
img_00488.jpg,
img_00489.jpg,
img_00490.jpg,
img_00491.jpg,
img_00492.jpg,
img_00493.jpg,
img_00494.jpg,
img_00495.jpg,
img_00496.jpg,
img_00497.jpg,
img_00498.jpg,
img_00499.jpg,
img_00500.jpg,
img_00501.jpg,
img_00502.jpg,
img_00503.jpg,
img_00504.jpg,
img_00505.jpg,
img_00506.jpg,
img_00507.jpg,
img_00508.jpg,
img_00509.jpg,
img_00510.jpg,
img_00511.jpg,
img_00512.jpg,
img_00513.jpg,
img_00514.jpg,
img_00515.jpg,
img_00516.jpg,
img_00517.jpg,
img_00518.jpg,
img_00519.jpg,
img_00520.jpg,
img_00521.jpg,
img_00522.jpg,
img_00523.jpg,
img_00524.jpg,
img_00525.jpg,
img_00526.jpg,
img_00527.jpg,
img_00528.jpg,
img_00529.jpg,
img_00530.jpg,
img_00531.jpg,
img_00532.jpg,
img_00533.jpg,
img_00534.jpg,
img_00535.jpg,
img_00536.jpg,
img_00537.jpg,
img_00538.jpg,
img_00539.jpg,
img_00540.jpg,
img_00541.jpg,
img_00542.jpg,
img_00543.jpg,
img_00544.jpg,
img_00545.jpg,
img_00546.jpg,
img_00547.jpg,
img_00548.jpg,
img_00549.jpg,
img_00550.jpg,
img_00551.jpg,
img_00552.jpg,
img_00553.jpg,
img_00554.jpg,
img_00555.jpg,
img_00556.jpg,
img_00557.jpg,
img_00558.jpg,
img_00559.jpg,
img_00560.jpg,
img_00561.jpg,
img_00562.jpg,
img_00563.jpg,
img_00564.jpg,
img_00565.jpg,
img_00566.jpg,
img_00567.jpg,
img_00568.jpg,
img_00569.jpg,
img_00570.jpg,
img_00571.jpg,
img_00572.jpg,
img_00573.jpg,
img_00574.jpg,
img_00575.jpg,
img_00576.jpg,
img_00577.jpg,
img_00578.jpg,
img_00579.jpg,
img_00580.jpg,
img_00581.jpg,
img_00582.jpg,
img_00583.jpg,
img_00584.jpg,
img_00585.jpg,
img_00586.jpg,
img_00587.jpg,
img_00588.jpg,
img_00589.jpg,
img_00590.jpg,
img_00591.jpg,
img_00592.jpg,
img_00593.jpg,
img_00594.jpg,
img_00595.jpg,
img_00596.jpg,
img_00597.jpg,
img_00598.jpg,
img_00599.jpg,
img_00600.jpg,
img_00601.jpg,
img_00602.jpg,
img_00603.jpg,
img_00604.jpg,
img_00605.jpg,
img_00606.jpg,
img_00607.jpg,
img_00608.jpg,
img_00609.jpg,
img_00610.jpg,
img_00611.jpg,
img_00612.jpg,
img_00613.jpg,
img_00614.jpg,
img_00615.jpg,
img_00616.jpg,
img_00617.jpg,
img_00618.jpg,
img_00619.jpg,
img_00620.jpg,
img_00621.jpg,
img_00622.jpg,
img_00623.jpg,
img_00624.jpg,
img_00625.jpg,
img_00626.jpg,
img_00627.jpg,
img_00628.jpg,
img_00629.jpg,
img_00630.jpg,
img_00631.jpg,
img_00632.jpg,
img_00633.jpg,
img_00634.jpg,
img_00635.jpg,
img_00636.jpg,
img_00637.jpg,
img_00638.jpg,
img_00639.jpg,
img_00640.jpg,
img_00641.jpg,
img_00642.jpg,
img_00643.jpg,
img_00644.jpg,
img_00645.jpg,
img_00646.jpg,
img_00647.jpg,
img_00648.jpg,
img_00649.jpg,
img_00650.jpg,
img_00651.jpg,
img_00652.jpg,
img_00653.jpg,
img_00654.jpg,
img_00655.jpg,
img_00656.jpg,
img_00657.jpg,
img_00658.jpg,
img_00659.jpg,
img_00660.jpg,
img_00661.jpg,
img_00662.jpg,
img_00663.jpg,
img_00664.jpg,
img_00665.jpg,
img_00666.jpg,
img_00667.jpg,
img_00668.jpg,
img_00669.jpg,
img_00670.jpg,
img_00671.jpg,
img_00672.jpg,
img_00673.jpg,
img_00674.jpg,
img_00675.jpg,
img_00676.jpg,
img_00677.jpg,
img_00678.jpg,
img_00679.jpg,
img_00680.jpg,
img_00681.jpg,
img_00682.jpg,
img_00683.jpg,
img_00684.jpg,
img_00685.jpg,
img_00686.jpg,
img_00687.jpg,
img_00688.jpg,
img_00689.jpg,
img_00690.jpg,
img_00691.jpg,
img_00692.jpg,
img_00693.jpg,
img_00694.jpg,
img_00695.jpg,
img_00696.jpg,
img_00697.jpg,
img_00698.jpg,
img_00699.jpg,
img_00700.jpg,
img_00701.jpg,
img_00702.jpg,
img_00703.jpg,
img_00704.jpg,
img_00705.jpg,
img_00706.jpg,
img_00707.jpg,
img_00708.jpg,
img_00709.jpg,
img_00710.jpg,
img_00711.jpg,
img_00712.jpg,
img_00713.jpg,
img_00714.jpg,
img_00715.jpg,
img_00716.jpg,
img_00717.jpg,
img_00718.jpg,
img_00719.jpg,
img_00720.jpg,
img_00721.jpg,
img_00722.jpg,
img_00723.jpg,
img_00724.jpg,
img_00725.jpg,
img_00726.jpg,
img_00727.jpg,
img_00728.jpg,
img_00729.jpg,
img_00730.jpg,
img_00731.jpg,
img_00732.jpg,
img_00733.jpg,
img_00734.jpg,
img_00735.jpg,
img_00736.jpg,
img_00737.jpg,
img_00738.jpg,
img_00739.jpg,
img_00740.jpg,
img_00741.jpg,
img_00742.jpg,
img_00743.jpg,
img_00744.jpg,
img_00745.jpg,
img_00746.jpg,
img_00747.jpg,
img_00748.jpg,
img_00749.jpg,
img_00750.jpg,
img_00751.jpg,
img_00752.jpg,
img_00753.jpg,
img_00754.jpg,
img_00755.jpg,
img_00756.jpg,
img_00757.jpg,
img_00758.jpg,
img_00759.jpg,
img_00760.jpg,
img_00761.jpg,
img_00762.jpg,
img_00763.jpg,
img_00764.jpg,
img_00765.jpg,
img_00766.jpg,
img_00767.jpg,
img_00768.jpg,
img_00769.jpg,
img_00770.jpg,
img_00771.jpg,
img_00772.jpg,
img_00773.jpg,
img_00774.jpg,
img_00775.jpg,
img_00776.jpg,
img_00777.jpg,
img_00778.jpg,
img_00779.jpg,
img_00780.jpg,
img_00781.jpg,
img_00782.jpg,
img_00783.jpg,
img_00784.jpg,
img_00785.jpg,
img_00786.jpg,
img_00787.jpg,
img_00788.jpg,
img_00789.jpg,
img_00790.jpg,
img_00791.jpg,
img_00792.jpg,
img_00793.jpg,
img_00794.jpg,
img_00795.jpg,
img_00796.jpg,
img_00797.jpg,
img_00798.jpg,
img_00799.jpg,
img_00800.jpg,
img_00801.jpg,
img_00802.jpg,
img_00803.jpg,
img_00804.jpg,
img_00805.jpg,
img_00806.jpg,
img_00807.jpg,
img_00808.jpg,
img_00809.jpg,
img_00810.jpg,
img_00811.jpg,
img_00812.jpg,
img_00813.jpg,
img_00814.jpg,
img_00815.jpg,
img_00816.jpg,
img_00817.jpg,
img_00818.jpg,
img_00819.jpg,
img_00820.jpg,
img_00821.jpg,
img_00822.jpg,
img_00823.jpg,
img_00824.jpg,
img_00825.jpg,
img_00826.jpg,
img_00827.jpg,
img_00828.jpg,
img_00829.jpg,
img_00830.jpg,
img_00831.jpg,
img_00832.jpg,
img_00833.jpg,
img_00834.jpg,
img_00835.jpg,
img_00836.jpg,
img_00837.jpg,
img_00838.jpg,
img_00839.jpg,
img_00840.jpg,
img_00841.jpg,
img_00842.jpg,
img_00843.jpg,
img_00844.jpg,
img_00845.jpg,
img_00846.jpg,
img_00847.jpg,
img_00848.jpg,
img_00849.jpg,
img_00850.jpg,
img_00851.jpg,
img_00852.jpg,
img_00853.jpg,
img_00854.jpg,
img_00855.jpg,
img_00856.jpg,
img_00857.jpg,
img_00858.jpg,
img_00859.jpg,
img_00860.jpg,
img_00861.jpg,
img_00862.jpg,
img_00863.jpg,
img_00864.jpg,
img_00865.jpg,
img_00866.jpg,
img_00867.jpg,
img_00868.jpg,
img_00869.jpg,
img_00870.jpg,
img_00871.jpg,
img_00872.jpg,
img_00873.jpg,
img_00874.jpg,
img_00875.jpg,
img_00876.jpg,
img_00877.jpg,
img_00878.jpg,
img_00879.jpg,
img_00880.jpg,
img_00881.jpg,
img_00882.jpg,
img_00883.jpg,
img_00884.jpg,
img_00885.jpg,
img_00886.jpg,
img_00887.jpg,
img_00888.jpg,
img_00889.jpg,
img_00890.jpg,
img_00891.jpg,
img_00892.jpg,
img_00893.jpg,
img_00894.jpg,
img_00895.jpg,
img_00896.jpg,
img_00897.jpg,
img_00898.jpg,
img_00899.jpg,
img_00900.jpg,
img_00901.jpg,
img_00902.jpg,
img_00903.jpg,
img_00904.jpg,
img_00905.jpg,
img_00906.jpg,
img_00907.jpg,
img_00908.jpg,
img_00909.jpg,
img_00910.jpg,
img_00911.jpg,
img_00912.jpg,
img_00913.jpg,
img_00914.jpg,
img_00915.jpg,
img_00916.jpg,
img_00917.jpg,
img_00918.jpg,
img_00919.jpg,
img_00920.jpg,
img_00921.jpg,
img_00922.jpg,
img_00923.jpg,
img_00924.jpg,
img_00925.jpg,
img_00926.jpg,
img_00927.jpg,
img_00928.jpg,
img_00929.jpg,
img_00930.jpg,
img_00931.jpg,
img_00932.jpg,
img_00933.jpg,
img_00934.jpg,
img_00935.jpg,
img_00936.jpg,
img_00937.jpg,
img_00938.jpg,
img_00939.jpg,
img_00940.jpg,
img_00941.jpg,
img_00942.jpg,
img_00943.jpg,
img_00944.jpg,
img_00945.jpg,
img_00946.jpg,
img_00947.jpg,
img_00948.jpg,
img_00949.jpg,
img_00950.jpg,
img_00951.jpg,
img_00952.jpg,
img_00953.jpg,
img_00954.jpg,
img_00955.jpg,
img_00956.jpg,
img_00957.jpg,
img_00958.jpg,
img_00959.jpg,
img_00960.jpg,
img_00961.jpg,
img_00962.jpg,
img_00963.jpg,
img_00964.jpg,
img_00965.jpg,
img_00966.jpg,
img_00967.jpg,
img_00968.jpg,
img_00969.jpg,
img_00970.jpg,
img_00971.jpg,
img_00972.jpg,
img_00973.jpg,
img_00974.jpg,
img_00975.jpg,
img_00976.jpg,
img_00977.jpg,
img_00978.jpg,
img_00979.jpg,
img_00980.jpg,
img_00981.jpg,
img_00982.jpg,
img_00983.jpg,
img_00984.jpg,
img_00985.jpg,
img_00986.jpg,
img_00987.jpg,
img_00988.jpg,
img_00989.jpg,
img_00990.jpg,
img_00991.jpg,
img_00992.jpg,
img_00993.jpg,
img_00994.jpg,
img_00995.jpg,
img_00996.jpg,
img_00997.jpg,
img_00998.jpg,
img_00999.jpg,
img_01000.jpg,
img_01001.jpg,
img_01002.jpg,
img_01003.jpg,
img_01004.jpg,
img_01005.jpg,
img_01006.jpg,
img_01007.jpg,
img_01008.jpg,
img_01009.jpg,
img_01010.jpg,
img_01011.jpg,
img_01012.jpg,
img_01013.jpg,
img_01014.jpg,
img_01015.jpg,
img_01016.jpg,
img_01017.jpg,
img_01018.jpg,
img_01019.jpg,
img_01020.jpg,
img_01021.jpg,
img_01022.jpg,
img_01023.jpg,
img_01024.jpg,
img_01025.jpg,
img_01026.jpg,
img_01027.jpg,
img_01028.jpg,
img_01029.jpg,
img_01030.jpg,
img_01031.jpg,
img_01032.jpg,
img_01033.jpg,
img_01034.jpg,
img_01035.jpg,
img_01036.jpg,
img_01037.jpg,
img_01038.jpg,
img_01039.jpg,
img_01040.jpg,
img_01041.jpg,
img_01042.jpg,
img_01043.jpg,
img_01044.jpg,
img_01045.jpg,
img_01046.jpg,
img_01047.jpg,
img_01048.jpg,
img_01049.jpg,
img_01050.jpg,
img_01051.jpg,
img_01052.jpg,
img_01053.jpg,
img_01054.jpg,
img_01055.jpg,
img_01056.jpg,
img_01057.jpg,
img_01058.jpg,
img_01059.jpg,
img_01060.jpg,
img_01061.jpg,
img_01062.jpg,
img_01063.jpg,
img_01064.jpg,
img_01065.jpg,
img_01066.jpg,
img_01067.jpg,
img_01068.jpg,
img_01069.jpg,
img_01070.jpg,
img_01071.jpg,
img_01072.jpg,
img_01073.jpg,
img_01074.jpg,
img_01075.jpg,
img_01076.jpg,
img_01077.jpg,
img_01078.jpg,
img_01079.jpg,
img_01080.jpg,
img_01081.jpg,
img_01082.jpg,
img_01083.jpg,
img_01084.jpg,
img_01085.jpg,
img_01086.jpg,
img_01087.jpg,
img_01088.jpg,
img_01089.jpg,
img_01090.jpg,
img_01091.jpg,
img_01092.jpg,
img_01093.jpg,
img_01094.jpg,
img_01095.jpg,
img_01096.jpg,
img_01097.jpg,
img_01098.jpg,
img_01099.jpg,
img_01100.jpg,
img_01101.jpg,
img_01102.jpg,
img_01103.jpg,
img_01104.jpg,
img_01105.jpg,
img_01106.jpg,
img_01107.jpg,
img_01108.jpg,
img_01109.jpg,
img_01110.jpg,
img_01111.jpg,
img_01112.jpg,
img_01113.jpg,
img_01114.jpg,
img_01115.jpg,
img_01116.jpg,
img_01117.jpg,
img_01118.jpg,
img_01119.jpg,
img_01120.jpg,
img_01121.jpg,
img_01122.jpg,
img_01123.jpg,
img_01124.jpg,
img_01125.jpg,
img_01126.jpg,
img_01127.jpg,
img_01128.jpg,
img_01129.jpg,
img_01130.jpg,
img_01131.jpg,
img_01132.jpg,
img_01133.jpg,
img_01134.jpg,
img_01135.jpg,
img_01136.jpg,
img_01137.jpg,
img_01138.jpg,
img_01139.jpg,
img_01140.jpg,
img_01141.jpg,
img_01142.jpg,
img_01143.jpg,
img_01144.jpg,
img_01145.jpg,
img_01146.jpg,
img_01147.jpg,
img_01148.jpg,
img_01149.jpg,
img_01150.jpg,
img_01151.jpg,
img_01152.jpg,
img_01153.jpg,
img_01154.jpg,
img_01155.jpg,
img_01156.jpg,
img_01157.jpg,
img_01158.jpg,
img_01159.jpg,
img_01160.jpg,
img_01161.jpg,
img_01162.jpg,
img_01163.jpg,
img_01164.jpg,
img_01165.jpg,
img_01166.jpg,
img_01167.jpg,
img_01168.jpg,
img_01169.jpg,
img_01170.jpg,
img_01171.jpg,
img_01172.jpg,
img_01173.jpg,
img_01174.jpg,
img_01175.jpg,
img_01176.jpg,
img_01177.jpg,
img_01178.jpg,
img_01179.jpg,
img_01180.jpg,
img_01181.jpg,
img_01182.jpg,
img_01183.jpg,
img_01184.jpg,
img_01185.jpg,
img_01186.jpg,
img_01187.jpg,
img_01188.jpg,
img_01189.jpg,
img_01190.jpg,
img_01191.jpg,
img_01192.jpg,
img_01193.jpg,
img_01194.jpg,
img_01195.jpg,
img_01196.jpg,
img_01197.jpg,
img_01198.jpg,
img_01199.jpg,
img_01200.jpg,
img_01201.jpg,
img_01202.jpg,
img_01203.jpg,
img_01204.jpg,
img_01205.jpg,
img_01206.jpg,
img_01207.jpg,
img_01208.jpg,
img_01209.jpg,
img_01210.jpg,
img_01211.jpg,
img_01212.jpg,
img_01213.jpg,
img_01214.jpg,
img_01215.jpg,
img_01216.jpg,
img_01217.jpg,
img_01218.jpg,
img_01219.jpg,
img_01220.jpg,
img_01221.jpg,
img_01222.jpg,
img_01223.jpg,
img_01224.jpg,
img_01225.jpg,
img_01226.jpg,
img_01227.jpg,
img_01228.jpg,
img_01229.jpg,
img_01230.jpg,
img_01231.jpg,
img_01232.jpg,
img_01233.jpg,
img_01234.jpg,
img_01235.jpg,
img_01236.jpg,
img_01237.jpg,
img_01238.jpg,
img_01239.jpg,
img_01240.jpg,
img_01241.jpg,
img_01242.jpg,
img_01243.jpg,
img_01244.jpg,
img_01245.jpg,
img_01246.jpg,
img_01247.jpg,
img_01248.jpg,
img_01249.jpg,
img_01250.jpg,
img_01251.jpg,
img_01252.jpg,
img_01253.jpg,
img_01254.jpg,
img_01255.jpg,
img_01256.jpg,
img_01257.jpg,
img_01258.jpg,
img_01259.jpg,
img_01260.jpg,
img_01261.jpg,
img_01262.jpg,
img_01263.jpg,
img_01264.jpg,
img_01265.jpg,
img_01266.jpg,
img_01267.jpg,
img_01268.jpg,
img_01269.jpg,
img_01270.jpg,
img_01271.jpg,
img_01272.jpg,
img_01273.jpg,
img_01274.jpg,
img_01275.jpg,
img_01276.jpg,
img_01277.jpg,
img_01278.jpg,
img_01279.jpg,
img_01280.jpg,
img_01281.jpg,
img_01282.jpg,
img_01283.jpg,
img_01284.jpg,
img_01285.jpg,
img_01286.jpg,
img_01287.jpg,
img_01288.jpg,
img_01289.jpg,
img_01290.jpg,
img_01291.jpg,
img_01292.jpg,
img_01293.jpg,
img_01294.jpg,
img_01295.jpg,
img_01296.jpg,
img_01297.jpg,
img_01298.jpg,
img_01299.jpg,
img_01300.jpg,
img_01301.jpg,
img_01302.jpg,
img_01303.jpg,
img_01304.jpg,
img_01305.jpg,
img_01306.jpg,
img_01307.jpg,
img_01308.jpg,
img_01309.jpg,
img_01310.jpg,
img_01311.jpg,
img_01312.jpg,
img_01313.jpg,
img_01314.jpg,
img_01315.jpg,
img_01316.jpg,
img_01317.jpg,
img_01318.jpg,
img_01319.jpg,
img_01320.jpg,
img_01321.jpg,
img_01322.jpg,
img_01323.jpg,
img_01324.jpg,
img_01325.jpg,
img_01326.jpg,
img_01327.jpg,
img_01328.jpg,
img_01329.jpg,
img_01330.jpg,
img_01331.jpg,
img_01332.jpg,
img_01333.jpg,
img_01334.jpg,
img_01335.jpg,
img_01336.jpg,
img_01337.jpg,
img_01338.jpg,
img_01339.jpg,
img_01340.jpg,
img_01341.jpg,
img_01342.jpg,
img_01343.jpg,
img_01344.jpg,
img_01345.jpg,
img_01346.jpg,
img_01347.jpg,
img_01348.jpg,
img_01349.jpg,
img_01350.jpg,
img_01351.jpg,
img_01352.jpg,
img_01353.jpg,
img_01354.jpg,
img_01355.jpg,
img_01356.jpg,
img_01357.jpg,
img_01358.jpg,
img_01359.jpg,
img_01360.jpg,
img_01361.jpg,
img_01362.jpg,
img_01363.jpg,
img_01364.jpg,
img_01365.jpg,
img_01366.jpg,
img_01367.jpg,
img_01368.jpg,
img_01369.jpg,
img_01370.jpg,
img_01371.jpg,
img_01372.jpg,
img_01373.jpg,
img_01374.jpg,
img_01375.jpg,
img_01376.jpg,
img_01377.jpg,
img_01378.jpg,
img_01379.jpg,
img_01380.jpg,
img_01381.jpg,
img_01382.jpg,
img_01383.jpg,
img_01384.jpg,
img_01385.jpg,
img_01386.jpg,
img_01387.jpg,
img_01388.jpg,
img_01389.jpg,
img_01390.jpg,
img_01391.jpg,
img_01392.jpg,
img_01393.jpg,
img_01394.jpg,
img_01395.jpg,
img_01396.jpg,
img_01397.jpg,
img_01398.jpg,
img_01399.jpg,
img_01400.jpg,
img_01401.jpg,
img_01402.jpg,
img_01403.jpg,
img_01404.jpg,
img_01405.jpg,
img_01406.jpg,
img_01407.jpg,
img_01408.jpg,
img_01409.jpg,
img_01410.jpg,
img_01411.jpg,
img_01412.jpg,
img_01413.jpg,
img_01414.jpg,
img_01415.jpg,
img_01416.jpg,
img_01417.jpg,
img_01418.jpg,
img_01419.jpg,
img_01420.jpg,
img_01421.jpg,
img_01422.jpg,
img_01423.jpg,
img_01424.jpg,
img_01425.jpg,
img_01426.jpg,
img_01427.jpg,
img_01428.jpg,
img_01429.jpg,
img_01430.jpg,
img_01431.jpg,
img_01432.jpg,
img_01433.jpg,
img_01434.jpg,
img_01435.jpg,
img_01436.jpg,
img_01437.jpg,
img_01438.jpg,
img_01439.jpg,
img_01440.jpg,
img_01441.jpg,
img_01442.jpg,
img_01443.jpg,
img_01444.jpg,
img_01445.jpg,
img_01446.jpg,
img_01447.jpg,
img_01448.jpg,
img_01449.jpg,
img_01450.jpg,
img_01451.jpg,
img_01452.jpg,
img_01453.jpg,
img_01454.jpg,
img_01455.jpg,
img_01456.jpg,
img_01457.jpg,
img_01458.jpg,
img_01459.jpg,
img_01460.jpg,
img_01461.jpg,
img_01462.jpg,
img_01463.jpg,
img_01464.jpg,
img_01465.jpg,
img_01466.jpg,
img_01467.jpg,
img_01468.jpg,
img_01469.jpg,
img_01470.jpg,
img_01471.jpg,
img_01472.jpg,
img_01473.jpg,
img_01474.jpg,
img_01475.jpg,
img_01476.jpg,
img_01477.jpg,
img_01478.jpg,
img_01479.jpg,
img_01480.jpg,
img_01481.jpg,
img_01482.jpg,
img_01483.jpg,
img_01484.jpg,
img_01485.jpg,
img_01486.jpg,
img_01487.jpg,
img_01488.jpg,
img_01489.jpg,
img_01490.jpg,
img_01491.jpg,
img_01492.jpg,
img_01493.jpg,
img_01494.jpg,
img_01495.jpg,
img_01496.jpg,
img_01497.jpg,
img_01498.jpg,
img_01499.jpg,
img_01500.jpg,
img_01501.jpg,
img_01502.jpg,
img_01503.jpg,
img_01504.jpg,
img_01505.jpg,
img_01506.jpg,
img_01507.jpg,
img_01508.jpg,
img_01509.jpg,
img_01510.jpg,
img_01511.jpg,
img_01512.jpg,
img_01513.jpg,
img_01514.jpg,
img_01515.jpg,
img_01516.jpg,
img_01517.jpg,
img_01518.jpg,
img_01519.jpg,
img_01520.jpg,
img_01521.jpg,
img_01522.jpg,
img_01523.jpg,
img_01524.jpg,
img_01525.jpg,
img_01526.jpg,
img_01527.jpg,
img_01528.jpg,
img_01529.jpg,
img_01530.jpg,
img_01531.jpg,
img_01532.jpg,
img_01533.jpg,
img_01534.jpg,
img_01535.jpg,
img_01536.jpg,
img_01537.jpg,
img_01538.jpg,
img_01539.jpg,
img_01540.jpg,
img_01541.jpg,
img_01542.jpg,
img_01543.jpg,
img_01544.jpg,
img_01545.jpg,
img_01546.jpg,
img_01547.jpg,
img_01548.jpg,
img_01549.jpg,
img_01550.jpg,
img_01551.jpg,
img_01552.jpg,
img_01553.jpg,
img_01554.jpg,
img_01555.jpg,
img_01556.jpg,
img_01557.jpg,
img_01558.jpg,
img_01559.jpg,
img_01560.jpg,
img_01561.jpg,
img_01562.jpg,
img_01563.jpg,
img_01564.jpg,
img_01565.jpg,
img_01566.jpg,
img_01567.jpg,
img_01568.jpg,
img_01569.jpg,
img_01570.jpg,
img_01571.jpg,
img_01572.jpg,
img_01573.jpg,
img_01574.jpg,
img_01575.jpg,
img_01576.jpg,
img_01577.jpg,
img_01578.jpg,
img_01579.jpg,
img_01580.jpg,
img_01581.jpg,
img_01582.jpg,
img_01583.jpg,
img_01584.jpg,
img_01585.jpg,
img_01586.jpg,
img_01587.jpg,
img_01588.jpg,
img_01589.jpg,
img_01590.jpg,
img_01591.jpg,
img_01592.jpg,
img_01593.jpg,
img_01594.jpg,
img_01595.jpg,
img_01596.jpg,
img_01597.jpg,
img_01598.jpg,
img_01599.jpg,
img_01600.jpg,
img_01601.jpg,
img_01602.jpg,
img_01603.jpg,
img_01604.jpg,
img_01605.jpg,
img_01606.jpg,
img_01607.jpg,
img_01608.jpg,
img_01609.jpg,
img_01610.jpg,
img_01611.jpg,
img_01612.jpg,
img_01613.jpg,
img_01614.jpg,
img_01615.jpg,
img_01616.jpg,
img_01617.jpg,
img_01618.jpg,
img_01619.jpg,
img_01620.jpg,
img_01621.jpg,
img_01622.jpg,
img_01623.jpg,
img_01624.jpg,
img_01625.jpg,
img_01626.jpg,
img_01627.jpg,
img_01628.jpg,
img_01629.jpg,
img_01630.jpg,
img_01631.jpg,
img_01632.jpg,
img_01633.jpg,
img_01634.jpg,
img_01635.jpg,
img_01636.jpg,
img_01637.jpg,
img_01638.jpg,
img_01639.jpg,
img_01640.jpg,
img_01641.jpg,
img_01642.jpg,
img_01643.jpg,
img_01644.jpg,
img_01645.jpg,
img_01646.jpg,
img_01647.jpg,
img_01648.jpg,
img_01649.jpg,
img_01650.jpg,
img_01651.jpg,
img_01652.jpg,
img_01653.jpg,
img_01654.jpg,
img_01655.jpg,
img_01656.jpg,
img_01657.jpg,
img_01658.jpg,
img_01659.jpg,
img_01660.jpg,
img_01661.jpg,
img_01662.jpg,
img_01663.jpg,
img_01664.jpg,
img_01665.jpg,
img_01666.jpg,
img_01667.jpg,
img_01668.jpg,
img_01669.jpg,
img_01670.jpg,
img_01671.jpg,
img_01672.jpg,
img_01673.jpg,
img_01674.jpg,
img_01675.jpg,
img_01676.jpg,
img_01677.jpg,
img_01678.jpg,
img_01679.jpg,
img_01680.jpg,
img_01681.jpg,
img_01682.jpg,
img_01683.jpg,
img_01684.jpg,
img_01685.jpg,
img_01686.jpg,
img_01687.jpg,
img_01688.jpg,
img_01689.jpg,
img_01690.jpg,
img_01691.jpg,
img_01692.jpg,
img_01693.jpg,
img_01694.jpg,
img_01695.jpg,
img_01696.jpg,
img_01697.jpg,
img_01698.jpg,
img_01699.jpg,
img_01700.jpg,
img_01701.jpg,
img_01702.jpg,
img_01703.jpg,
img_01704.jpg,
img_01705.jpg,
img_01706.jpg,
img_01707.jpg,
img_01708.jpg,
img_01709.jpg,
img_01710.jpg,
img_01711.jpg,
img_01712.jpg,
img_01713.jpg,
img_01714.jpg,
img_01715.jpg,
img_01716.jpg,
img_01717.jpg,
img_01718.jpg,
img_01719.jpg,
img_01720.jpg,
img_01721.jpg,
img_01722.jpg,
img_01723.jpg,
img_01724.jpg,
img_01725.jpg,
img_01726.jpg,
img_01727.jpg,
img_01728.jpg,
img_01729.jpg,
img_01730.jpg,
img_01731.jpg,
img_01732.jpg,
img_01733.jpg,
img_01734.jpg,
img_01735.jpg,
img_01736.jpg,
img_01737.jpg,
img_01738.jpg,
img_01739.jpg,
img_01740.jpg,
img_01741.jpg,
img_01742.jpg,
img_01743.jpg,
img_01744.jpg,
img_01745.jpg,
img_01746.jpg,
img_01747.jpg,
img_01748.jpg,
img_01749.jpg,
img_01750.jpg,
img_01751.jpg,
img_01752.jpg,
img_01753.jpg,
img_01754.jpg,
img_01755.jpg,
img_01756.jpg,
img_01757.jpg,
img_01758.jpg,
img_01759.jpg,
img_01760.jpg,
img_01761.jpg,
img_01762.jpg,
img_01763.jpg,
img_01764.jpg,
img_01765.jpg,
img_01766.jpg,
img_01767.jpg,
img_01768.jpg,
img_01769.jpg,
img_01770.jpg,
img_01771.jpg,
img_01772.jpg,
img_01773.jpg,
img_01774.jpg,
img_01775.jpg,
img_01776.jpg,
img_01777.jpg,
img_01778.jpg,
img_01779.jpg,
img_01780.jpg,
img_01781.jpg,
img_01782.jpg,
img_01783.jpg,
img_01784.jpg,
img_01785.jpg,
img_01786.jpg,
img_01787.jpg,
img_01788.jpg,
img_01789.jpg,
img_01790.jpg,
img_01791.jpg,
img_01792.jpg,
img_01793.jpg,
img_01794.jpg,
img_01795.jpg,
img_01796.jpg,
img_01797.jpg,
img_01798.jpg,
img_01799.jpg,
img_01800.jpg,
img_01801.jpg,
img_01802.jpg,
img_01803.jpg,
img_01804.jpg,
img_01805.jpg,
img_01806.jpg,
img_01807.jpg,
img_01808.jpg,
img_01809.jpg,
img_01810.jpg,
img_01811.jpg,
img_01812.jpg,
img_01813.jpg,
img_01814.jpg,
img_01815.jpg,
img_01816.jpg,
img_01817.jpg,
img_01818.jpg,
img_01819.jpg,
img_01820.jpg,
img_01821.jpg,
img_01822.jpg,
img_01823.jpg,
img_01824.jpg,
img_01825.jpg,
img_01826.jpg,
img_01827.jpg,
img_01828.jpg,
img_01829.jpg,
img_01830.jpg,
img_01831.jpg,
img_01832.jpg,
img_01833.jpg,
img_01834.jpg,
img_01835.jpg,
img_01836.jpg,
img_01837.jpg,
img_01838.jpg,
img_01839.jpg,
img_01840.jpg,
img_01841.jpg,
img_01842.jpg,
img_01843.jpg,
img_01844.jpg,
img_01845.jpg,
img_01846.jpg,
img_01847.jpg,
img_01848.jpg,
img_01849.jpg,
img_01850.jpg,
img_01851.jpg,
img_01852.jpg,
img_01853.jpg,
img_01854.jpg,
img_01855.jpg,
img_01856.jpg,
img_01857.jpg,
img_01858.jpg,
img_01859.jpg,
img_01860.jpg,
img_01861.jpg,
img_01862.jpg,
img_01863.jpg,
img_01864.jpg,
img_01865.jpg,
img_01866.jpg,
img_01867.jpg,
img_01868.jpg,
img_01869.jpg,
img_01870.jpg,
img_01871.jpg,
img_01872.jpg,
img_01873.jpg,
img_01874.jpg,
img_01875.jpg,
img_01876.jpg,
img_01877.jpg,
img_01878.jpg,
img_01879.jpg,
img_01880.jpg,
img_01881.jpg,
img_01882.jpg,
img_01883.jpg,
img_01884.jpg,
img_01885.jpg,
img_01886.jpg,
img_01887.jpg,
img_01888.jpg,
img_01889.jpg,
img_01890.jpg,
img_01891.jpg,
img_01892.jpg,
img_01893.jpg,
img_01894.jpg,
img_01895.jpg,
img_01896.jpg,
img_01897.jpg,
img_01898.jpg,
img_01899.jpg,
img_01900.jpg,
img_01901.jpg,
img_01902.jpg,
img_01903.jpg,
img_01904.jpg,
img_01905.jpg,
img_01906.jpg,
img_01907.jpg,
img_01908.jpg,
img_01909.jpg,
img_01910.jpg,
img_01911.jpg,
img_01912.jpg,
img_01913.jpg,
img_01914.jpg,
img_01915.jpg,
img_01916.jpg,
img_01917.jpg,
img_01918.jpg,
img_01919.jpg,
img_01920.jpg,
img_01921.jpg,
img_01922.jpg,
img_01923.jpg,
img_01924.jpg,
img_01925.jpg,
img_01926.jpg,
img_01927.jpg,
img_01928.jpg,
img_01929.jpg,
img_01930.jpg,
img_01931.jpg,
img_01932.jpg,
img_01933.jpg,
img_01934.jpg,
img_01935.jpg,
img_01936.jpg,
img_01937.jpg,
img_01938.jpg,
img_01939.jpg,
img_01940.jpg,
img_01941.jpg,
img_01942.jpg,
img_01943.jpg,
img_01944.jpg,
img_01945.jpg,
img_01946.jpg,
img_01947.jpg,
img_01948.jpg,
img_01949.jpg,
img_01950.jpg,
img_01951.jpg,
img_01952.jpg,
img_01953.jpg,
img_01954.jpg,
img_01955.jpg,
img_01956.jpg,
img_01957.jpg,
img_01958.jpg,
img_01959.jpg,
img_01960.jpg,
img_01961.jpg,
img_01962.jpg,
img_01963.jpg,
img_01964.jpg,
img_01965.jpg,
img_01966.jpg,
img_01967.jpg,
img_01968.jpg,
img_01969.jpg,
img_01970.jpg,
img_01971.jpg,
img_01972.jpg,
img_01973.jpg,
img_01974.jpg,
img_01975.jpg,
img_01976.jpg,
img_01977.jpg,
img_01978.jpg,
img_01979.jpg,
img_01980.jpg,
img_01981.jpg,
img_01982.jpg,
img_01983.jpg,
img_01984.jpg,
img_01985.jpg,
img_01986.jpg,
img_01987.jpg,
img_01988.jpg,
img_01989.jpg,
img_01990.jpg,
img_01991.jpg,
img_01992.jpg,
img_01993.jpg,
img_01994.jpg,
img_01995.jpg,
img_01996.jpg,
img_01997.jpg,
img_01998.jpg,
img_01999.jpg,
img_02000.jpg,
img_02001.jpg,
img_02002.jpg,
img_02003.jpg,
img_02004.jpg,
img_02005.jpg,
img_02006.jpg,
img_02007.jpg,
img_02008.jpg,
img_02009.jpg,
img_02010.jpg,
img_02011.jpg,
img_02012.jpg,
img_02013.jpg,
img_02014.jpg,
img_02015.jpg,
img_02016.jpg,
img_02017.jpg,
img_02018.jpg,
img_02019.jpg,
img_02020.jpg,
img_02021.jpg,
img_02022.jpg,
img_02023.jpg,
img_02024.jpg,
img_02025.jpg,
img_02026.jpg,
img_02027.jpg,
img_02028.jpg,
img_02029.jpg,
img_02030.jpg,
img_02031.jpg,
img_02032.jpg,
img_02033.jpg,
img_02034.jpg,
img_02035.jpg,
img_02036.jpg,
img_02037.jpg,
img_02038.jpg,
img_02039.jpg,
img_02040.jpg,
img_02041.jpg,
img_02042.jpg,
img_02043.jpg,
img_02044.jpg,
img_02045.jpg,
img_02046.jpg,
img_02047.jpg,
img_02048.jpg,
img_02049.jpg,
img_02050.jpg,
img_02051.jpg,
img_02052.jpg,
img_02053.jpg,
img_02054.jpg,
img_02055.jpg,
img_02056.jpg,
img_02057.jpg,
img_02058.jpg,
img_02059.jpg,
img_02060.jpg,
img_02061.jpg,
img_02062.jpg,
img_02063.jpg,
img_02064.jpg,
img_02065.jpg,
img_02066.jpg,
img_02067.jpg,
img_02068.jpg,
img_02069.jpg,
img_02070.jpg,
img_02071.jpg,
img_02072.jpg,
img_02073.jpg,
img_02074.jpg,
img_02075.jpg,
img_02076.jpg,
img_02077.jpg,
img_02078.jpg,
img_02079.jpg,
img_02080.jpg,
img_02081.jpg,
img_02082.jpg,
img_02083.jpg,
img_02084.jpg,
img_02085.jpg,
img_02086.jpg,
img_02087.jpg,
img_02088.jpg,
img_02089.jpg,
img_02090.jpg,
img_02091.jpg,
img_02092.jpg,
img_02093.jpg,
img_02094.jpg,
img_02095.jpg,
img_02096.jpg,
img_02097.jpg,
img_02098.jpg,
img_02099.jpg,
img_02100.jpg,
img_02101.jpg,
img_02102.jpg,
img_02103.jpg,
img_02104.jpg,
img_02105.jpg,
img_02106.jpg,
img_02107.jpg,
img_02108.jpg,
img_02109.jpg,
img_02110.jpg,
img_02111.jpg,
img_02112.jpg,
img_02113.jpg,
img_02114.jpg,
img_02115.jpg,
img_02116.jpg,
img_02117.jpg,
img_02118.jpg,
img_02119.jpg,
img_02120.jpg,
img_02121.jpg,
img_02122.jpg,
img_02123.jpg,
img_02124.jpg,
img_02125.jpg,
img_02126.jpg,
img_02127.jpg,
img_02128.jpg,
img_02129.jpg,
img_02130.jpg,
img_02131.jpg,
img_02132.jpg,
img_02133.jpg,
img_02134.jpg,
img_02135.jpg,
img_02136.jpg,
img_02137.jpg,
img_02138.jpg,
img_02139.jpg,
img_02140.jpg,
img_02141.jpg,
img_02142.jpg,
img_02143.jpg,
img_02144.jpg,
img_02145.jpg,
img_02146.jpg,
img_02147.jpg,
img_02148.jpg,
img_02149.jpg,
img_02150.jpg,
img_02151.jpg,
img_02152.jpg,
img_02153.jpg,
img_02154.jpg,
img_02155.jpg,
img_02156.jpg,
img_02157.jpg,
img_02158.jpg,
img_02159.jpg,
img_02160.jpg,
img_02161.jpg,
img_02162.jpg,
img_02163.jpg,
img_02164.jpg,
img_02165.jpg,
img_02166.jpg,
img_02167.jpg,
img_02168.jpg,
img_02169.jpg,
img_02170.jpg,
img_02171.jpg,
img_02172.jpg,
img_02173.jpg,
img_02174.jpg,
img_02175.jpg,
img_02176.jpg,
img_02177.jpg,
img_02178.jpg,
img_02179.jpg,
img_02180.jpg,
img_02181.jpg,
img_02182.jpg,
img_02183.jpg,
img_02184.jpg,
img_02185.jpg,
img_02186.jpg,
img_02187.jpg,
img_02188.jpg,
img_02189.jpg,
img_02190.jpg,
img_02191.jpg,
img_02192.jpg,
img_02193.jpg,
img_02194.jpg,
img_02195.jpg,
img_02196.jpg,
img_02197.jpg,
img_02198.jpg,
img_02199.jpg,
img_02200.jpg,
img_02201.jpg,
img_02202.jpg,
img_02203.jpg,
img_02204.jpg,
img_02205.jpg,
img_02206.jpg,
img_02207.jpg,
img_02208.jpg,
img_02209.jpg,
img_02210.jpg,
img_02211.jpg,
img_02212.jpg,
img_02213.jpg,
img_02214.jpg,
img_02215.jpg,
img_02216.jpg,
img_02217.jpg,
img_02218.jpg,
img_02219.jpg,
img_02220.jpg,
img_02221.jpg,
img_02222.jpg,
img_02223.jpg,
img_02224.jpg,
img_02225.jpg,
img_02226.jpg,
img_02227.jpg,
img_02228.jpg,
img_02229.jpg,
img_02230.jpg,
img_02231.jpg,
img_02232.jpg,
img_02233.jpg,
img_02234.jpg,
img_02235.jpg,
img_02236.jpg,
img_02237.jpg,
img_02238.jpg,
img_02239.jpg,
img_02240.jpg,
img_02241.jpg,
img_02242.jpg,
img_02243.jpg,
img_02244.jpg,
img_02245.jpg,
img_02246.jpg,
img_02247.jpg,
img_02248.jpg,
img_02249.jpg,
img_02250.jpg,
img_02251.jpg,
img_02252.jpg,
img_02253.jpg,
img_02254.jpg,
img_02255.jpg,
img_02256.jpg,
img_02257.jpg,
img_02258.jpg,
img_02259.jpg,
img_02260.jpg,
img_02261.jpg,
img_02262.jpg,
img_02263.jpg,
img_02264.jpg,
img_02265.jpg,
img_02266.jpg,
img_02267.jpg,
img_02268.jpg,
img_02269.jpg,
img_02270.jpg,
img_02271.jpg,
img_02272.jpg,
img_02273.jpg,
img_02274.jpg,
img_02275.jpg,
img_02276.jpg,
img_02277.jpg,
img_02278.jpg,
img_02279.jpg,
img_02280.jpg,
img_02281.jpg,
img_02282.jpg,
img_02283.jpg,
img_02284.jpg,
img_02285.jpg,
img_02286.jpg,
img_02287.jpg,
img_02288.jpg,
img_02289.jpg,
img_02290.jpg,
img_02291.jpg,
img_02292.jpg,
img_02293.jpg,
img_02294.jpg,
img_02295.jpg,
img_02296.jpg,
img_02297.jpg,
img_02298.jpg,
img_02299.jpg,
img_02300.jpg,
img_02301.jpg,
img_02302.jpg,
img_02303.jpg,
img_02304.jpg,
img_02305.jpg,
img_02306.jpg,
img_02307.jpg,
img_02308.jpg,
img_02309.jpg,
img_02310.jpg,
img_02311.jpg,
img_02312.jpg,
img_02313.jpg,
img_02314.jpg,
img_02315.jpg,
img_02316.jpg,
img_02317.jpg,
img_02318.jpg,
img_02319.jpg,
img_02320.jpg,
img_02321.jpg,
img_02322.jpg,
img_02323.jpg,
img_02324.jpg,
img_02325.jpg,
img_02326.jpg,
img_02327.jpg,
img_02328.jpg,
img_02329.jpg,
img_02330.jpg,
img_02331.jpg,
img_02332.jpg,
img_02333.jpg,
img_02334.jpg,
img_02335.jpg,
img_02336.jpg,
img_02337.jpg,
img_02338.jpg,
img_02339.jpg,
img_02340.jpg,
img_02341.jpg,
img_02342.jpg,
img_02343.jpg,
img_02344.jpg,
img_02345.jpg,
img_02346.jpg,
img_02347.jpg,
img_02348.jpg,
img_02349.jpg,
img_02350.jpg,
img_02351.jpg,
img_02352.jpg,
img_02353.jpg,
img_02354.jpg,
img_02355.jpg,
img_02356.jpg,
img_02357.jpg,
img_02358.jpg,
img_02359.jpg,
img_02360.jpg,
img_02361.jpg,
img_02362.jpg,
img_02363.jpg,
img_02364.jpg,
img_02365.jpg,
img_02366.jpg,
img_02367.jpg,
img_02368.jpg,
img_02369.jpg,
img_02370.jpg,
img_02371.jpg,
img_02372.jpg,
img_02373.jpg,
img_02374.jpg,
img_02375.jpg,
img_02376.jpg,
img_02377.jpg,
img_02378.jpg,
img_02379.jpg,
img_02380.jpg,
img_02381.jpg,
img_02382.jpg,
img_02383.jpg,
img_02384.jpg,
img_02385.jpg,
img_02386.jpg,
img_02387.jpg,
img_02388.jpg,
img_02389.jpg,
img_02390.jpg,
img_02391.jpg,
img_02392.jpg,
img_02393.jpg,
img_02394.jpg,
img_02395.jpg,
img_02396.jpg,
img_02397.jpg,
img_02398.jpg,
img_02399.jpg,
img_02400.jpg,
img_02401.jpg,
img_02402.jpg,
img_02403.jpg,
img_02404.jpg,
img_02405.jpg,
img_02406.jpg,
img_02407.jpg,
img_02408.jpg,
img_02409.jpg,
img_02410.jpg,
img_02411.jpg,
img_02412.jpg,
img_02413.jpg,
img_02414.jpg,
img_02415.jpg,
img_02416.jpg,
img_02417.jpg,
img_02418.jpg,
img_02419.jpg,
img_02420.jpg,
img_02421.jpg,
img_02422.jpg,
img_02423.jpg,
img_02424.jpg,
img_02425.jpg,
img_02426.jpg,
img_02427.jpg,
img_02428.jpg,
img_02429.jpg,
img_02430.jpg,
img_02431.jpg,
img_02432.jpg,
img_02433.jpg,
img_02434.jpg,
img_02435.jpg,
img_02436.jpg,
img_02437.jpg,
img_02438.jpg,
img_02439.jpg,
img_02440.jpg,
img_02441.jpg,
img_02442.jpg,
img_02443.jpg,
img_02444.jpg,
img_02445.jpg,
img_02446.jpg,
img_02447.jpg,
img_02448.jpg,
img_02449.jpg,
img_02450.jpg,
img_02451.jpg,
img_02452.jpg,
img_02453.jpg,
img_02454.jpg,
img_02455.jpg,
img_02456.jpg,
img_02457.jpg,
img_02458.jpg,
img_02459.jpg,
img_02460.jpg,
img_02461.jpg,
img_02462.jpg,
img_02463.jpg,
img_02464.jpg,
img_02465.jpg,
img_02466.jpg,
img_02467.jpg,
img_02468.jpg,
img_02469.jpg,
img_02470.jpg,
img_02471.jpg,
img_02472.jpg,
img_02473.jpg,
img_02474.jpg,
img_02475.jpg,
img_02476.jpg,
img_02477.jpg,
img_02478.jpg,
img_02479.jpg,
img_02480.jpg,
img_02481.jpg,
img_02482.jpg,
img_02483.jpg,
img_02484.jpg,
img_02485.jpg,
img_02486.jpg,
img_02487.jpg,
img_02488.jpg,
img_02489.jpg,
img_02490.jpg,
img_02491.jpg,
img_02492.jpg,
img_02493.jpg,
img_02494.jpg,
img_02495.jpg,
img_02496.jpg,
img_02497.jpg,
img_02498.jpg,
img_02499.jpg,
img_02500.jpg,
img_02501.jpg,
img_02502.jpg,
img_02503.jpg,
img_02504.jpg,
img_02505.jpg,
img_02506.jpg,
img_02507.jpg,
img_02508.jpg,
img_02509.jpg,
img_02510.jpg,
img_02511.jpg,
img_02512.jpg,
img_02513.jpg,
img_02514.jpg,
img_02515.jpg,
img_02516.jpg,
img_02517.jpg,
img_02518.jpg,
img_02519.jpg,
img_02520.jpg,
img_02521.jpg,
img_02522.jpg,
img_02523.jpg,
img_02524.jpg,
img_02525.jpg,
img_02526.jpg,
img_02527.jpg,
img_02528.jpg,
img_02529.jpg,
img_02530.jpg,
img_02531.jpg,
img_02532.jpg,
img_02533.jpg,
img_02534.jpg,
img_02535.jpg,
img_02536.jpg,
img_02537.jpg,
img_02538.jpg,
img_02539.jpg,
img_02540.jpg,
img_02541.jpg,
img_02542.jpg,
img_02543.jpg,
img_02544.jpg,
img_02545.jpg,
img_02546.jpg,
img_02547.jpg,
img_02548.jpg,
img_02549.jpg,
img_02550.jpg,
img_02551.jpg,
img_02552.jpg,
img_02553.jpg,
img_02554.jpg,
img_02555.jpg,
img_02556.jpg,
img_02557.jpg,
img_02558.jpg,
img_02559.jpg,
img_02560.jpg,
img_02561.jpg,
img_02562.jpg,
img_02563.jpg,
img_02564.jpg,
img_02565.jpg,
img_02566.jpg,
img_02567.jpg,
img_02568.jpg,
img_02569.jpg,
img_02570.jpg,
img_02571.jpg,
img_02572.jpg,
img_02573.jpg,
img_02574.jpg,
img_02575.jpg,
img_02576.jpg,
img_02577.jpg,
img_02578.jpg,
img_02579.jpg,
img_02580.jpg,
img_02581.jpg,
img_02582.jpg,
img_02583.jpg,
img_02584.jpg,
img_02585.jpg,
img_02586.jpg,
img_02587.jpg,
img_02588.jpg,
img_02589.jpg,
img_02590.jpg,
img_02591.jpg,
img_02592.jpg,
img_02593.jpg,
img_02594.jpg,
img_02595.jpg,
img_02596.jpg,
img_02597.jpg,
img_02598.jpg,
img_02599.jpg,
img_02600.jpg,
img_02601.jpg,
img_02602.jpg,
img_02603.jpg,
img_02604.jpg,
img_02605.jpg,
img_02606.jpg,
img_02607.jpg,
img_02608.jpg,
img_02609.jpg,
img_02610.jpg,
img_02611.jpg,
img_02612.jpg,
img_02613.jpg,
img_02614.jpg,
img_02615.jpg,
img_02616.jpg,
img_02617.jpg,
img_02618.jpg,
img_02619.jpg,
img_02620.jpg,
img_02621.jpg,
img_02622.jpg,
img_02623.jpg,
img_02624.jpg,
img_02625.jpg,
img_02626.jpg,
img_02627.jpg,
img_02628.jpg,
img_02629.jpg,
img_02630.jpg,
img_02631.jpg,
img_02632.jpg,
img_02633.jpg,
img_02634.jpg,
img_02635.jpg,
img_02636.jpg,
img_02637.jpg,
img_02638.jpg,
img_02639.jpg,
img_02640.jpg,
img_02641.jpg,
img_02642.jpg,
img_02643.jpg,
img_02644.jpg,
img_02645.jpg,
img_02646.jpg,
img_02647.jpg,
img_02648.jpg,
img_02649.jpg,
img_02650.jpg,
img_02651.jpg,
img_02652.jpg,
img_02653.jpg,
img_02654.jpg,
img_02655.jpg,
img_02656.jpg,
img_02657.jpg,
img_02658.jpg,
img_02659.jpg,
img_02660.jpg,
img_02661.jpg,
img_02662.jpg,
img_02663.jpg,
img_02664.jpg,
img_02665.jpg,
img_02666.jpg,
img_02667.jpg,
img_02668.jpg,
img_02669.jpg,
img_02670.jpg,
img_02671.jpg,
img_02672.jpg,
img_02673.jpg,
img_02674.jpg,
img_02675.jpg,
img_02676.jpg,
img_02677.jpg,
img_02678.jpg,
img_02679.jpg,
img_02680.jpg,
img_02681.jpg,
img_02682.jpg,
img_02683.jpg,
img_02684.jpg,
img_02685.jpg,
img_02686.jpg,
img_02687.jpg,
img_02688.jpg,
img_02689.jpg,
img_02690.jpg,
img_02691.jpg,
img_02692.jpg,
img_02693.jpg,
img_02694.jpg,
img_02695.jpg,
img_02696.jpg,
img_02697.jpg,
img_02698.jpg,
img_02699.jpg,
img_02700.jpg,
img_02701.jpg,
img_02702.jpg,
img_02703.jpg,
img_02704.jpg,
img_02705.jpg,
img_02706.jpg,
img_02707.jpg,
img_02708.jpg,
img_02709.jpg,
img_02710.jpg,
img_02711.jpg,
img_02712.jpg,
img_02713.jpg,
img_02714.jpg,
img_02715.jpg,
img_02716.jpg,
img_02717.jpg,
img_02718.jpg,
img_02719.jpg,
img_02720.jpg,
img_02721.jpg,
img_02722.jpg,
img_02723.jpg,
img_02724.jpg,
img_02725.jpg,
img_02726.jpg,
img_02727.jpg,
img_02728.jpg,
img_02729.jpg,
img_02730.jpg,
img_02731.jpg,
img_02732.jpg,
img_02733.jpg,
img_02734.jpg,
img_02735.jpg,
img_02736.jpg,
img_02737.jpg,
img_02738.jpg,
img_02739.jpg,
img_02740.jpg,
img_02741.jpg,
img_02742.jpg,
img_02743.jpg,
img_02744.jpg,
img_02745.jpg,
img_02746.jpg,
img_02747.jpg,
img_02748.jpg,
img_02749.jpg,
img_02750.jpg,
img_02751.jpg,
img_02752.jpg,
img_02753.jpg,
img_02754.jpg,
img_02755.jpg,
img_02756.jpg,
img_02757.jpg,
img_02758.jpg,
img_02759.jpg,
img_02760.jpg,
img_02761.jpg,
img_02762.jpg,
img_02763.jpg,
img_02764.jpg,
img_02765.jpg,
img_02766.jpg,
img_02767.jpg,
img_02768.jpg,
img_02769.jpg,
img_02770.jpg,
img_02771.jpg,
img_02772.jpg,
img_02773.jpg,
img_02774.jpg,
img_02775.jpg,
img_02776.jpg,
img_02777.jpg,
img_02778.jpg,
img_02779.jpg,
img_02780.jpg,
img_02781.jpg,
img_02782.jpg,
img_02783.jpg,
img_02784.jpg,
img_02785.jpg,
img_02786.jpg,
img_02787.jpg,
img_02788.jpg,
img_02789.jpg,
img_02790.jpg,
img_02791.jpg,
img_02792.jpg,
img_02793.jpg,
img_02794.jpg,
img_02795.jpg,
img_02796.jpg,
img_02797.jpg,
img_02798.jpg,
img_02799.jpg,
img_02800.jpg,
img_02801.jpg,
img_02802.jpg,
img_02803.jpg,
img_02804.jpg,
img_02805.jpg,
img_02806.jpg,
img_02807.jpg,
img_02808.jpg,
img_02809.jpg,
img_02810.jpg,
img_02811.jpg,
img_02812.jpg,
img_02813.jpg,
img_02814.jpg,
img_02815.jpg,
img_02816.jpg,
img_02817.jpg,
img_02818.jpg,
img_02819.jpg,
img_02820.jpg,
img_02821.jpg,
img_02822.jpg,
img_02823.jpg,
img_02824.jpg,
img_02825.jpg,
img_02826.jpg,
img_02827.jpg,
img_02828.jpg,
img_02829.jpg,
img_02830.jpg,
img_02831.jpg,
img_02832.jpg,
img_02833.jpg,
img_02834.jpg,
img_02835.jpg,
img_02836.jpg,
img_02837.jpg,
img_02838.jpg,
img_02839.jpg,
img_02840.jpg,
img_02841.jpg,
img_02842.jpg,
img_02843.jpg,
img_02844.jpg,
img_02845.jpg,
img_02846.jpg,
img_02847.jpg,
img_02848.jpg,
img_02849.jpg,
img_02850.jpg,
img_02851.jpg,
img_02852.jpg,
img_02853.jpg,
img_02854.jpg,
img_02855.jpg,
img_02856.jpg,
img_02857.jpg,
img_02858.jpg,
img_02859.jpg,
img_02860.jpg,
img_02861.jpg,
img_02862.jpg,
img_02863.jpg,
img_02864.jpg,
img_02865.jpg,
img_02866.jpg,
img_02867.jpg,
img_02868.jpg,
img_02869.jpg,
img_02870.jpg,
img_02871.jpg,
img_02872.jpg,
img_02873.jpg,
img_02874.jpg,
img_02875.jpg,
img_02876.jpg,
img_02877.jpg,
img_02878.jpg,
img_02879.jpg,
img_02880.jpg,
img_02881.jpg,
img_02882.jpg,
img_02883.jpg,
img_02884.jpg,
img_02885.jpg,
img_02886.jpg,
img_02887.jpg,
img_02888.jpg,
img_02889.jpg,
img_02890.jpg,
img_02891.jpg,
img_02892.jpg,
img_02893.jpg,
img_02894.jpg,
img_02895.jpg,
img_02896.jpg,
img_02897.jpg,
img_02898.jpg,
img_02899.jpg,
img_02900.jpg,
img_02901.jpg,
img_02902.jpg,
img_02903.jpg,
img_02904.jpg,
img_02905.jpg,
img_02906.jpg,
img_02907.jpg,
img_02908.jpg,
img_02909.jpg,
img_02910.jpg,
img_02911.jpg,
img_02912.jpg,
img_02913.jpg,
img_02914.jpg,
img_02915.jpg,
img_02916.jpg,
img_02917.jpg,
img_02918.jpg,
img_02919.jpg,
img_02920.jpg,
img_02921.jpg,
img_02922.jpg,
img_02923.jpg,
img_02924.jpg,
img_02925.jpg,
img_02926.jpg,
img_02927.jpg,
img_02928.jpg,
img_02929.jpg,
img_02930.jpg,
img_02931.jpg,
img_02932.jpg,
img_02933.jpg,
img_02934.jpg,
img_02935.jpg,
img_02936.jpg,
img_02937.jpg,
img_02938.jpg,
img_02939.jpg,
img_02940.jpg,
img_02941.jpg,
img_02942.jpg,
img_02943.jpg,
img_02944.jpg,
img_02945.jpg,
img_02946.jpg,
img_02947.jpg,
img_02948.jpg,
img_02949.jpg,
img_02950.jpg,
img_02951.jpg,
img_02952.jpg,
img_02953.jpg,
img_02954.jpg,
img_02955.jpg,
img_02956.jpg,
img_02957.jpg,
img_02958.jpg,
img_02959.jpg,
img_02960.jpg,
img_02961.jpg,
img_02962.jpg,
img_02963.jpg,
img_02964.jpg,
img_02965.jpg,
img_02966.jpg,
img_02967.jpg,
img_02968.jpg,
img_02969.jpg,
img_02970.jpg,
img_02971.jpg,
img_02972.jpg,
img_02973.jpg,
img_02974.jpg,
img_02975.jpg,
img_02976.jpg,
img_02977.jpg,
img_02978.jpg,
img_02979.jpg,
img_02980.jpg,
img_02981.jpg,
img_02982.jpg,
img_02983.jpg,
img_02984.jpg,
img_02985.jpg,
img_02986.jpg,
img_02987.jpg,
img_02988.jpg,
img_02989.jpg,
img_02990.jpg,
img_02991.jpg,
img_02992.jpg,
img_02993.jpg,
img_02994.jpg,
img_02995.jpg,
img_02996.jpg,
img_02997.jpg,
img_02998.jpg,
img_02999.jpg,
img_03000.jpg,
img_03001.jpg,
img_03002.jpg,
img_03003.jpg,
img_03004.jpg,
img_03005.jpg,
img_03006.jpg,
img_03007.jpg,
img_03008.jpg,
img_03009.jpg,
img_03010.jpg,
img_03011.jpg,
img_03012.jpg,
img_03013.jpg,
img_03014.jpg,
img_03015.jpg,
img_03016.jpg,
img_03017.jpg,
img_03018.jpg,
img_03019.jpg,
img_03020.jpg,
img_03021.jpg,
img_03022.jpg,
img_03023.jpg,
img_03024.jpg,
img_03025.jpg,
img_03026.jpg,
img_03027.jpg,
img_03028.jpg,
img_03029.jpg,
img_03030.jpg,
img_03031.jpg,
img_03032.jpg,
img_03033.jpg,
img_03034.jpg,
img_03035.jpg,
img_03036.jpg,
img_03037.jpg,
img_03038.jpg,
img_03039.jpg,
img_03040.jpg,
img_03041.jpg,
img_03042.jpg,
img_03043.jpg,
img_03044.jpg,
img_03045.jpg,
img_03046.jpg,
img_03047.jpg,
img_03048.jpg,
img_03049.jpg,
img_03050.jpg,
img_03051.jpg,
img_03052.jpg,
img_03053.jpg,
img_03054.jpg,
img_03055.jpg,
img_03056.jpg,
img_03057.jpg,
img_03058.jpg,
img_03059.jpg,
img_03060.jpg,
img_03061.jpg,
img_03062.jpg,
img_03063.jpg,
img_03064.jpg,
img_03065.jpg,
img_03066.jpg,
img_03067.jpg,
img_03068.jpg,
img_03069.jpg,
img_03070.jpg,
img_03071.jpg,
img_03072.jpg,
img_03073.jpg,
img_03074.jpg,
img_03075.jpg,
img_03076.jpg,
img_03077.jpg,
img_03078.jpg,
img_03079.jpg,
img_03080.jpg,
img_03081.jpg,
img_03082.jpg,
img_03083.jpg,
img_03084.jpg,
img_03085.jpg,
img_03086.jpg,
img_03087.jpg,
img_03088.jpg,
img_03089.jpg,
img_03090.jpg,
img_03091.jpg,
img_03092.jpg,
img_03093.jpg,
img_03094.jpg,
img_03095.jpg,
img_03096.jpg,
img_03097.jpg,
img_03098.jpg,
img_03099.jpg,
img_03100.jpg,
img_03101.jpg,
img_03102.jpg,
img_03103.jpg,
img_03104.jpg,
img_03105.jpg,
img_03106.jpg,
img_03107.jpg,
img_03108.jpg,
img_03109.jpg,
img_03110.jpg,
img_03111.jpg,
img_03112.jpg,
img_03113.jpg,
img_03114.jpg,
img_03115.jpg,
img_03116.jpg,
img_03117.jpg,
img_03118.jpg,
img_03119.jpg,
img_03120.jpg,
img_03121.jpg,
img_03122.jpg,
img_03123.jpg,
img_03124.jpg,
img_03125.jpg,
img_03126.jpg,
img_03127.jpg,
img_03128.jpg,
img_03129.jpg,
img_03130.jpg,
img_03131.jpg,
img_03132.jpg,
img_03133.jpg,
img_03134.jpg,
img_03135.jpg,
img_03136.jpg,
img_03137.jpg,
img_03138.jpg,
img_03139.jpg,
img_03140.jpg,
img_03141.jpg,
img_03142.jpg,
img_03143.jpg,
img_03144.jpg,
img_03145.jpg,
img_03146.jpg,
img_03147.jpg,
img_03148.jpg,
img_03149.jpg,
img_03150.jpg,
img_03151.jpg,
img_03152.jpg,
img_03153.jpg,
img_03154.jpg,
img_03155.jpg,
img_03156.jpg,
img_03157.jpg,
img_03158.jpg,
img_03159.jpg,
img_03160.jpg,
img_03161.jpg,
img_03162.jpg,
img_03163.jpg,
img_03164.jpg,
img_03165.jpg,
img_03166.jpg,
img_03167.jpg,
img_03168.jpg,
img_03169.jpg,
img_03170.jpg,
img_03171.jpg,
img_03172.jpg,
img_03173.jpg,
img_03174.jpg,
img_03175.jpg,
img_03176.jpg,
img_03177.jpg,
img_03178.jpg,
img_03179.jpg,
img_03180.jpg,
img_03181.jpg,
img_03182.jpg,
img_03183.jpg,
img_03184.jpg,
img_03185.jpg,
img_03186.jpg,
img_03187.jpg,
img_03188.jpg,
img_03189.jpg,
img_03190.jpg,
img_03191.jpg,
img_03192.jpg,
img_03193.jpg,
img_03194.jpg,
img_03195.jpg,
img_03196.jpg,
img_03197.jpg,
img_03198.jpg,
img_03199.jpg,
img_03200.jpg,
img_03201.jpg,
img_03202.jpg,
img_03203.jpg,
img_03204.jpg,
img_03205.jpg,
img_03206.jpg,
img_03207.jpg,
img_03208.jpg,
img_03209.jpg,
img_03210.jpg,
img_03211.jpg,
img_03212.jpg,
img_03213.jpg,
img_03214.jpg,
img_03215.jpg,
img_03216.jpg,
img_03217.jpg,
img_03218.jpg,
img_03219.jpg,
img_03220.jpg,
img_03221.jpg,
img_03222.jpg,
img_03223.jpg,
img_03224.jpg,
img_03225.jpg,
img_03226.jpg,
img_03227.jpg,
img_03228.jpg,
img_03229.jpg,
img_03230.jpg,
img_03231.jpg,
img_03232.jpg,
img_03233.jpg,
img_03234.jpg,
img_03235.jpg,
img_03236.jpg,
img_03237.jpg,
img_03238.jpg,
img_03239.jpg,
img_03240.jpg,
img_03241.jpg,
img_03242.jpg,
img_03243.jpg,
img_03244.jpg,
img_03245.jpg,
img_03246.jpg,
img_03247.jpg,
img_03248.jpg,
img_03249.jpg,
img_03250.jpg,
img_03251.jpg,
img_03252.jpg,
img_03253.jpg,
img_03254.jpg,
img_03255.jpg,
img_03256.jpg,
img_03257.jpg,
img_03258.jpg,
img_03259.jpg,
img_03260.jpg,
img_03261.jpg,
img_03262.jpg,
img_03263.jpg,
img_03264.jpg,
img_03265.jpg,
img_03266.jpg,
img_03267.jpg,
img_03268.jpg,
img_03269.jpg,
img_03270.jpg,
img_03271.jpg,
img_03272.jpg,
img_03273.jpg,
img_03274.jpg,
img_03275.jpg,
img_03276.jpg,
img_03277.jpg,
img_03278.jpg,
img_03279.jpg,
img_03280.jpg,
img_03281.jpg,
img_03282.jpg,
img_03283.jpg,
img_03284.jpg,
img_03285.jpg,
img_03286.jpg,
img_03287.jpg,
img_03288.jpg,
img_03289.jpg,
img_03290.jpg,
img_03291.jpg,
img_03292.jpg,
img_03293.jpg,
img_03294.jpg,
img_03295.jpg,
img_03296.jpg,
img_03297.jpg,
img_03298.jpg,
img_03299.jpg,
img_03300.jpg,
img_03301.jpg,
img_03302.jpg,
img_03303.jpg,
img_03304.jpg,
img_03305.jpg,
img_03306.jpg,
img_03307.jpg,
img_03308.jpg,
img_03309.jpg,
img_03310.jpg,
img_03311.jpg,
img_03312.jpg,
img_03313.jpg,
img_03314.jpg,
img_03315.jpg,
img_03316.jpg,
img_03317.jpg,
img_03318.jpg,
img_03319.jpg,
img_03320.jpg,
img_03321.jpg,
img_03322.jpg,
img_03323.jpg,
img_03324.jpg,
img_03325.jpg,
img_03326.jpg,
img_03327.jpg,
img_03328.jpg,
img_03329.jpg,
img_03330.jpg,
img_03331.jpg,
img_03332.jpg,
img_03333.jpg,
img_03334.jpg,
img_03335.jpg,
img_03336.jpg,
img_03337.jpg,
img_03338.jpg,
img_03339.jpg,
img_03340.jpg,
img_03341.jpg,
img_03342.jpg,
img_03343.jpg,
img_03344.jpg,
img_03345.jpg,
img_03346.jpg,
img_03347.jpg,
img_03348.jpg,
img_03349.jpg,
img_03350.jpg,
img_03351.jpg,
img_03352.jpg,
img_03353.jpg,
img_03354.jpg,
img_03355.jpg,
img_03356.jpg,
img_03357.jpg,
img_03358.jpg,
img_03359.jpg,
img_03360.jpg,
img_03361.jpg,
img_03362.jpg,
img_03363.jpg,
img_03364.jpg,
img_03365.jpg,
img_03366.jpg,
img_03367.jpg,
img_03368.jpg,
img_03369.jpg,
img_03370.jpg,
img_03371.jpg,
img_03372.jpg,
img_03373.jpg,
img_03374.jpg,
img_03375.jpg,
img_03376.jpg,
img_03377.jpg,
img_03378.jpg,
img_03379.jpg,
img_03380.jpg,
img_03381.jpg,
img_03382.jpg,
img_03383.jpg,
img_03384.jpg,
img_03385.jpg,
img_03386.jpg,
img_03387.jpg,
img_03388.jpg,
img_03389.jpg,
img_03390.jpg,
img_03391.jpg,
img_03392.jpg,
img_03393.jpg,
img_03394.jpg,
img_03395.jpg,
img_03396.jpg,
img_03397.jpg,
img_03398.jpg,
img_03399.jpg,
img_03400.jpg,
img_03401.jpg,
img_03402.jpg,
img_03403.jpg,
img_03404.jpg,
img_03405.jpg,
img_03406.jpg,
img_03407.jpg,
img_03408.jpg,
img_03409.jpg,
img_03410.jpg,
img_03411.jpg,
img_03412.jpg,
img_03413.jpg,
img_03414.jpg,
img_03415.jpg,
img_03416.jpg,
img_03417.jpg,
img_03418.jpg,
img_03419.jpg,
img_03420.jpg,
img_03421.jpg,
img_03422.jpg,
img_03423.jpg,
img_03424.jpg,
img_03425.jpg,
img_03426.jpg,
img_03427.jpg,
img_03428.jpg,
img_03429.jpg,
img_03430.jpg,
img_03431.jpg,
img_03432.jpg,
img_03433.jpg,
img_03434.jpg,
img_03435.jpg,
img_03436.jpg,
img_03437.jpg,
img_03438.jpg,
img_03439.jpg,
img_03440.jpg,
img_03441.jpg,
img_03442.jpg,
img_03443.jpg,
img_03444.jpg,
img_03445.jpg,
img_03446.jpg,
img_03447.jpg,
img_03448.jpg,
img_03449.jpg,
img_03450.jpg,
img_03451.jpg,
img_03452.jpg,
img_03453.jpg,
img_03454.jpg,
img_03455.jpg,
img_03456.jpg,
img_03457.jpg,
img_03458.jpg,
img_03459.jpg,
img_03460.jpg,
img_03461.jpg,
img_03462.jpg,
img_03463.jpg,
img_03464.jpg,
img_03465.jpg,
img_03466.jpg,
img_03467.jpg,
img_03468.jpg,
img_03469.jpg,
img_03470.jpg,
img_03471.jpg,
img_03472.jpg,
img_03473.jpg,
img_03474.jpg,
img_03475.jpg,
img_03476.jpg,
img_03477.jpg,
img_03478.jpg,
img_03479.jpg,
img_03480.jpg,
img_03481.jpg,
img_03482.jpg,
img_03483.jpg,
img_03484.jpg,
img_03485.jpg,
img_03486.jpg,
img_03487.jpg,
img_03488.jpg,
img_03489.jpg,
img_03490.jpg,
img_03491.jpg,
img_03492.jpg,
img_03493.jpg,
img_03494.jpg,
img_03495.jpg,
img_03496.jpg,
img_03497.jpg,
img_03498.jpg,
img_03499.jpg,
img_03500.jpg,
img_03501.jpg,
img_03502.jpg,
img_03503.jpg,
img_03504.jpg,
img_03505.jpg,
img_03506.jpg,
img_03507.jpg,
img_03508.jpg,
img_03509.jpg,
img_03510.jpg,
img_03511.jpg,
img_03512.jpg,
img_03513.jpg,
img_03514.jpg,
img_03515.jpg,
img_03516.jpg,
img_03517.jpg,
img_03518.jpg,
img_03519.jpg,
img_03520.jpg,
img_03521.jpg,
img_03522.jpg,
img_03523.jpg,
img_03524.jpg,
img_03525.jpg,
img_03526.jpg,
img_03527.jpg,
img_03528.jpg,
img_03529.jpg,
img_03530.jpg,
img_03531.jpg,
img_03532.jpg,
img_03533.jpg,
img_03534.jpg,
img_03535.jpg,
img_03536.jpg,
img_03537.jpg,
img_03538.jpg,
img_03539.jpg,
img_03540.jpg,
img_03541.jpg,
img_03542.jpg,
img_03543.jpg,
img_03544.jpg,
img_03545.jpg,
img_03546.jpg,
img_03547.jpg,
img_03548.jpg,
img_03549.jpg,
img_03550.jpg,
img_03551.jpg,
img_03552.jpg,
img_03553.jpg,
img_03554.jpg,
img_03555.jpg,
img_03556.jpg,
img_03557.jpg,
img_03558.jpg,
img_03559.jpg,
img_03560.jpg,
img_03561.jpg,
img_03562.jpg,
img_03563.jpg,
img_03564.jpg,
img_03565.jpg,
img_03566.jpg,
img_03567.jpg,
img_03568.jpg,
img_03569.jpg,
img_03570.jpg,
img_03571.jpg,
img_03572.jpg,
img_03573.jpg,
img_03574.jpg,
img_03575.jpg,
img_03576.jpg,
img_03577.jpg,
img_03578.jpg,
img_03579.jpg,
img_03580.jpg,
img_03581.jpg,
img_03582.jpg,
img_03583.jpg,
img_03584.jpg,
img_03585.jpg,
img_03586.jpg,
img_03587.jpg,
img_03588.jpg,
img_03589.jpg,
img_03590.jpg,
img_03591.jpg,
img_03592.jpg,
img_03593.jpg,
img_03594.jpg,
img_03595.jpg,
img_03596.jpg,
img_03597.jpg,
img_03598.jpg,
img_03599.jpg,
img_03600.jpg,
img_03601.jpg,
img_03602.jpg,
img_03603.jpg,
img_03604.jpg,
img_03605.jpg,
img_03606.jpg,
img_03607.jpg,
img_03608.jpg,
img_03609.jpg,
img_03610.jpg,
img_03611.jpg,
img_03612.jpg,
img_03613.jpg,
img_03614.jpg,
img_03615.jpg,
img_03616.jpg,
img_03617.jpg,
img_03618.jpg,
img_03619.jpg,
img_03620.jpg,
img_03621.jpg,
img_03622.jpg,
img_03623.jpg,
img_03624.jpg,
img_03625.jpg,
img_03626.jpg,
img_03627.jpg,
img_03628.jpg,
img_03629.jpg,
img_03630.jpg,
img_03631.jpg,
img_03632.jpg,
img_03633.jpg,
img_03634.jpg,
img_03635.jpg,
img_03636.jpg,
img_03637.jpg,
img_03638.jpg,
img_03639.jpg,
img_03640.jpg,
img_03641.jpg,
img_03642.jpg,
img_03643.jpg,
img_03644.jpg,
img_03645.jpg,
img_03646.jpg,
img_03647.jpg,
img_03648.jpg,
img_03649.jpg,
img_03650.jpg,
img_03651.jpg,
img_03652.jpg,
img_03653.jpg,
img_03654.jpg,
img_03655.jpg,
img_03656.jpg,
img_03657.jpg,
img_03658.jpg,
img_03659.jpg,
img_03660.jpg,
img_03661.jpg,
img_03662.jpg,
img_03663.jpg,
img_03664.jpg,
img_03665.jpg,
img_03666.jpg,
img_03667.jpg,
img_03668.jpg,
img_03669.jpg,
img_03670.jpg,
img_03671.jpg,
img_03672.jpg,
img_03673.jpg,
img_03674.jpg,
img_03675.jpg,
img_03676.jpg,
img_03677.jpg,
img_03678.jpg,
img_03679.jpg,
img_03680.jpg,
img_03681.jpg,
img_03682.jpg,
img_03683.jpg,
img_03684.jpg,
img_03685.jpg,
img_03686.jpg,
img_03687.jpg,
img_03688.jpg,
img_03689.jpg,
img_03690.jpg,
img_03691.jpg,
img_03692.jpg,
img_03693.jpg,
img_03694.jpg,
img_03695.jpg,
img_03696.jpg,
img_03697.jpg,
img_03698.jpg,
img_03699.jpg,
img_03700.jpg,
img_03701.jpg,
img_03702.jpg,
img_03703.jpg,
img_03704.jpg,
img_03705.jpg,
img_03706.jpg,
img_03707.jpg,
img_03708.jpg,
img_03709.jpg,
img_03710.jpg,
img_03711.jpg,
img_03712.jpg,
img_03713.jpg,
img_03714.jpg,
img_03715.jpg,
img_03716.jpg,
img_03717.jpg,
img_03718.jpg,
img_03719.jpg,
img_03720.jpg,
img_03721.jpg,
img_03722.jpg,
img_03723.jpg,
img_03724.jpg,
img_03725.jpg,
img_03726.jpg,
img_03727.jpg,
img_03728.jpg,
img_03729.jpg,
img_03730.jpg,
img_03731.jpg,
img_03732.jpg,
img_03733.jpg,
img_03734.jpg,
img_03735.jpg,
img_03736.jpg,
img_03737.jpg,
img_03738.jpg,
img_03739.jpg,
img_03740.jpg,
img_03741.jpg,
img_03742.jpg,
img_03743.jpg,
img_03744.jpg,
img_03745.jpg,
img_03746.jpg,
img_03747.jpg,
img_03748.jpg,
img_03749.jpg,
img_03750.jpg,
img_03751.jpg,
img_03752.jpg,
img_03753.jpg,
img_03754.jpg,
img_03755.jpg,
img_03756.jpg,
img_03757.jpg,
img_03758.jpg,
img_03759.jpg,
img_03760.jpg,
img_03761.jpg,
img_03762.jpg,
img_03763.jpg,
img_03764.jpg,
img_03765.jpg,
img_03766.jpg,
img_03767.jpg,
img_03768.jpg,
img_03769.jpg,
img_03770.jpg,
img_03771.jpg,
img_03772.jpg,
img_03773.jpg,
img_03774.jpg,
img_03775.jpg,
img_03776.jpg,
img_03777.jpg,
img_03778.jpg,
img_03779.jpg,
img_03780.jpg,
img_03781.jpg,
img_03782.jpg,
img_03783.jpg,
img_03784.jpg,
img_03785.jpg,
img_03786.jpg,
img_03787.jpg,
img_03788.jpg,
img_03789.jpg,
img_03790.jpg,
img_03791.jpg,
img_03792.jpg,
img_03793.jpg,
img_03794.jpg,
img_03795.jpg,
img_03796.jpg,
img_03797.jpg,
img_03798.jpg,
img_03799.jpg,
img_03800.jpg,
img_03801.jpg,
img_03802.jpg,
img_03803.jpg,
img_03804.jpg,
img_03805.jpg,
img_03806.jpg,
img_03807.jpg,
img_03808.jpg,
img_03809.jpg,
img_03810.jpg,
img_03811.jpg,
img_03812.jpg,
img_03813.jpg,
img_03814.jpg,
img_03815.jpg,
img_03816.jpg,
img_03817.jpg,
img_03818.jpg,
img_03819.jpg,
img_03820.jpg,
img_03821.jpg,
img_03822.jpg,
img_03823.jpg,
img_03824.jpg,
img_03825.jpg,
img_03826.jpg,
img_03827.jpg,
img_03828.jpg,
img_03829.jpg,
img_03830.jpg,
img_03831.jpg,
img_03832.jpg,
img_03833.jpg,
img_03834.jpg,
img_03835.jpg,
img_03836.jpg,
img_03837.jpg,
img_03838.jpg,
img_03839.jpg,
img_03840.jpg,
img_03841.jpg,
img_03842.jpg,
img_03843.jpg,
img_03844.jpg,
img_03845.jpg,
img_03846.jpg,
img_03847.jpg,
img_03848.jpg,
img_03849.jpg,
img_03850.jpg,
img_03851.jpg,
img_03852.jpg,
img_03853.jpg,
img_03854.jpg,
img_03855.jpg,
img_03856.jpg,
img_03857.jpg,
img_03858.jpg,
img_03859.jpg,
img_03860.jpg,
img_03861.jpg,
img_03862.jpg,
img_03863.jpg,
img_03864.jpg,
img_03865.jpg,
img_03866.jpg,
img_03867.jpg,
img_03868.jpg,
img_03869.jpg,
img_03870.jpg,
img_03871.jpg,
img_03872.jpg,
img_03873.jpg,
img_03874.jpg,
img_03875.jpg,
img_03876.jpg,
img_03877.jpg,
img_03878.jpg,
img_03879.jpg,
img_03880.jpg,
img_03881.jpg,
img_03882.jpg,
img_03883.jpg,
img_03884.jpg,
img_03885.jpg,
img_03886.jpg,
img_03887.jpg,
img_03888.jpg,
img_03889.jpg,
img_03890.jpg,
img_03891.jpg,
img_03892.jpg,
img_03893.jpg,
img_03894.jpg,
img_03895.jpg,
img_03896.jpg,
img_03897.jpg,
img_03898.jpg,
img_03899.jpg,
img_03900.jpg,
img_03901.jpg,
img_03902.jpg,
img_03903.jpg,
img_03904.jpg,
img_03905.jpg,
img_03906.jpg,
img_03907.jpg,
img_03908.jpg,
img_03909.jpg,
img_03910.jpg,
img_03911.jpg,
img_03912.jpg,
img_03913.jpg,
img_03914.jpg,
img_03915.jpg,
img_03916.jpg,
img_03917.jpg,
img_03918.jpg,
img_03919.jpg,
img_03920.jpg,
img_03921.jpg,
img_03922.jpg,
img_03923.jpg,
img_03924.jpg,
img_03925.jpg,
img_03926.jpg,
img_03927.jpg,
img_03928.jpg,
img_03929.jpg,
img_03930.jpg,
img_03931.jpg,
img_03932.jpg,
img_03933.jpg,
img_03934.jpg,
img_03935.jpg,
img_03936.jpg,
img_03937.jpg,
img_03938.jpg,
img_03939.jpg,
img_03940.jpg,
img_03941.jpg,
img_03942.jpg,
img_03943.jpg,
img_03944.jpg,
img_03945.jpg,
img_03946.jpg,
img_03947.jpg,
img_03948.jpg,
img_03949.jpg,
img_03950.jpg,
img_03951.jpg,
img_03952.jpg,
img_03953.jpg,
img_03954.jpg,
img_03955.jpg,
img_03956.jpg,
img_03957.jpg,
img_03958.jpg,
img_03959.jpg,
img_03960.jpg,
img_03961.jpg,
img_03962.jpg,
img_03963.jpg,
img_03964.jpg,
img_03965.jpg,
img_03966.jpg,
img_03967.jpg,
img_03968.jpg,
img_03969.jpg,
img_03970.jpg,
img_03971.jpg,
img_03972.jpg,
img_03973.jpg,
img_03974.jpg,
img_03975.jpg,
img_03976.jpg,
img_03977.jpg,
img_03978.jpg,
img_03979.jpg,
img_03980.jpg,
img_03981.jpg,
img_03982.jpg,
img_03983.jpg,
img_03984.jpg,
img_03985.jpg,
img_03986.jpg,
img_03987.jpg,
img_03988.jpg,
img_03989.jpg,
img_03990.jpg,
img_03991.jpg,
img_03992.jpg,
img_03993.jpg,
img_03994.jpg,
img_03995.jpg,
img_03996.jpg,
img_03997.jpg,
img_03998.jpg,
img_03999.jpg,
img_04000.jpg,
img_04001.jpg,
img_04002.jpg,
img_04003.jpg,
img_04004.jpg,
img_04005.jpg,
img_04006.jpg,
img_04007.jpg,
img_04008.jpg,
img_04009.jpg,
img_04010.jpg,
img_04011.jpg,
img_04012.jpg,
img_04013.jpg,
img_04014.jpg,
img_04015.jpg,
img_04016.jpg,
img_04017.jpg,
img_04018.jpg,
img_04019.jpg,
img_04020.jpg,
img_04021.jpg,
img_04022.jpg,
img_04023.jpg,
img_04024.jpg,
img_04025.jpg,
img_04026.jpg,
img_04027.jpg,
img_04028.jpg,
img_04029.jpg,
img_04030.jpg,
img_04031.jpg,
img_04032.jpg,
img_04033.jpg,
img_04034.jpg,
img_04035.jpg,
img_04036.jpg,
img_04037.jpg,
img_04038.jpg,
img_04039.jpg,
img_04040.jpg,
img_04041.jpg,
img_04042.jpg,
img_04043.jpg,
img_04044.jpg,
img_04045.jpg,
img_04046.jpg,
img_04047.jpg,
img_04048.jpg,
img_04049.jpg,
img_04050.jpg,
img_04051.jpg,
img_04052.jpg,
img_04053.jpg,
img_04054.jpg,
img_04055.jpg,
img_04056.jpg,
img_04057.jpg,
img_04058.jpg,
img_04059.jpg,
img_04060.jpg,
img_04061.jpg,
img_04062.jpg,
img_04063.jpg,
img_04064.jpg,
img_04065.jpg,
img_04066.jpg,
img_04067.jpg,
img_04068.jpg,
img_04069.jpg,
img_04070.jpg,
img_04071.jpg,
img_04072.jpg,
img_04073.jpg,
img_04074.jpg,
img_04075.jpg,
img_04076.jpg,
img_04077.jpg,
img_04078.jpg,
img_04079.jpg,
img_04080.jpg,
img_04081.jpg,
img_04082.jpg,
img_04083.jpg,
img_04084.jpg,
img_04085.jpg,
img_04086.jpg,
img_04087.jpg,
img_04088.jpg,
img_04089.jpg,
img_04090.jpg,
img_04091.jpg,
img_04092.jpg,
img_04093.jpg,
img_04094.jpg,
img_04095.jpg,
img_04096.jpg,
img_04097.jpg,
img_04098.jpg,
img_04099.jpg,
img_04100.jpg,
img_04101.jpg,
img_04102.jpg,
img_04103.jpg,
img_04104.jpg,
img_04105.jpg,
img_04106.jpg,
img_04107.jpg,
img_04108.jpg,
img_04109.jpg,
img_04110.jpg,
img_04111.jpg,
img_04112.jpg,
img_04113.jpg,
img_04114.jpg,
img_04115.jpg,
img_04116.jpg,
img_04117.jpg,
img_04118.jpg,
img_04119.jpg,
img_04120.jpg,
img_04121.jpg,
img_04122.jpg,
img_04123.jpg,
img_04124.jpg,
img_04125.jpg,
img_04126.jpg,
img_04127.jpg,
img_04128.jpg,
img_04129.jpg,
img_04130.jpg,
img_04131.jpg,
img_04132.jpg,
img_04133.jpg,
img_04134.jpg,
img_04135.jpg,
img_04136.jpg,
img_04137.jpg,
img_04138.jpg,
img_04139.jpg,
img_04140.jpg,
img_04141.jpg,
img_04142.jpg,
img_04143.jpg,
img_04144.jpg,
img_04145.jpg,
img_04146.jpg,
img_04147.jpg,
img_04148.jpg,
img_04149.jpg,
img_04150.jpg,
img_04151.jpg,
img_04152.jpg,
img_04153.jpg,
img_04154.jpg,
img_04155.jpg,
img_04156.jpg,
img_04157.jpg,
img_04158.jpg,
img_04159.jpg,
img_04160.jpg,
img_04161.jpg,
img_04162.jpg,
img_04163.jpg,
img_04164.jpg,
img_04165.jpg,
img_04166.jpg,
img_04167.jpg,
img_04168.jpg,
img_04169.jpg,
img_04170.jpg,
img_04171.jpg,
img_04172.jpg,
img_04173.jpg,
img_04174.jpg,
img_04175.jpg,
img_04176.jpg,
img_04177.jpg,
img_04178.jpg,
img_04179.jpg,
img_04180.jpg,
img_04181.jpg,
img_04182.jpg,
img_04183.jpg,
img_04184.jpg,
img_04185.jpg,
img_04186.jpg,
img_04187.jpg,
img_04188.jpg,
img_04189.jpg,
img_04190.jpg,
img_04191.jpg,
img_04192.jpg,
img_04193.jpg,
img_04194.jpg,
img_04195.jpg,
img_04196.jpg,
img_04197.jpg,
img_04198.jpg,
img_04199.jpg,
img_04200.jpg,
img_04201.jpg,
img_04202.jpg,
img_04203.jpg,
img_04204.jpg,
img_04205.jpg,
img_04206.jpg,
img_04207.jpg,
img_04208.jpg,
img_04209.jpg,
img_04210.jpg,
img_04211.jpg,
img_04212.jpg,
img_04213.jpg,
img_04214.jpg,
img_04215.jpg,
img_04216.jpg,
img_04217.jpg,
img_04218.jpg,
img_04219.jpg,
img_04220.jpg,
img_04221.jpg,
img_04222.jpg,
img_04223.jpg,
img_04224.jpg,
img_04225.jpg,
img_04226.jpg,
img_04227.jpg,
img_04228.jpg,
img_04229.jpg,
img_04230.jpg,
img_04231.jpg,
img_04232.jpg,
img_04233.jpg,
img_04234.jpg,
img_04235.jpg,
img_04236.jpg,
img_04237.jpg,
img_04238.jpg,
img_04239.jpg,
img_04240.jpg,
img_04241.jpg,
img_04242.jpg,
img_04243.jpg,
img_04244.jpg,
img_04245.jpg,
img_04246.jpg,
img_04247.jpg,
img_04248.jpg,
img_04249.jpg,
img_04250.jpg,
img_04251.jpg,
img_04252.jpg,
img_04253.jpg,
img_04254.jpg,
img_04255.jpg,
img_04256.jpg,
img_04257.jpg,
img_04258.jpg,
img_04259.jpg,
img_04260.jpg,
img_04261.jpg,
img_04262.jpg,
img_04263.jpg,
img_04264.jpg,
img_04265.jpg,
img_04266.jpg,
img_04267.jpg,
img_04268.jpg,
img_04269.jpg,
img_04270.jpg,
img_04271.jpg,
img_04272.jpg,
img_04273.jpg,
img_04274.jpg,
img_04275.jpg,
img_04276.jpg,
img_04277.jpg,
img_04278.jpg,
img_04279.jpg,
img_04280.jpg,
img_04281.jpg,
img_04282.jpg,
img_04283.jpg,
img_04284.jpg,
img_04285.jpg,
img_04286.jpg,
img_04287.jpg,
img_04288.jpg,
img_04289.jpg,
img_04290.jpg,
img_04291.jpg,
img_04292.jpg,
img_04293.jpg,
img_04294.jpg,
img_04295.jpg,
img_04296.jpg,
img_04297.jpg,
img_04298.jpg,
img_04299.jpg,
img_04300.jpg,
img_04301.jpg,
img_04302.jpg,
img_04303.jpg,
img_04304.jpg,
img_04305.jpg,
img_04306.jpg,
img_04307.jpg,
img_04308.jpg,
img_04309.jpg,
img_04310.jpg,
img_04311.jpg,
img_04312.jpg,
img_04313.jpg,
img_04314.jpg,
img_04315.jpg,
img_04316.jpg,
img_04317.jpg,
img_04318.jpg,
img_04319.jpg,
img_04320.jpg,
img_04321.jpg,
img_04322.jpg,
img_04323.jpg,
img_04324.jpg,
img_04325.jpg,
img_04326.jpg,
img_04327.jpg,
img_04328.jpg,
img_04329.jpg,
img_04330.jpg,
img_04331.jpg,
img_04332.jpg,
img_04333.jpg,
img_04334.jpg,
img_04335.jpg,
img_04336.jpg,
img_04337.jpg,
img_04338.jpg,
img_04339.jpg,
img_04340.jpg,
img_04341.jpg,
img_04342.jpg,
img_04343.jpg,
img_04344.jpg,
img_04345.jpg,
img_04346.jpg,
img_04347.jpg,
img_04348.jpg,
img_04349.jpg,
img_04350.jpg,
img_04351.jpg,
img_04352.jpg,
img_04353.jpg,
img_04354.jpg,
img_04355.jpg,
img_04356.jpg,
img_04357.jpg,
img_04358.jpg,
img_04359.jpg,
img_04360.jpg,
img_04361.jpg,
img_04362.jpg,
img_04363.jpg,
img_04364.jpg,
img_04365.jpg,
img_04366.jpg,
img_04367.jpg,
img_04368.jpg,
img_04369.jpg,
img_04370.jpg,
img_04371.jpg,
img_04372.jpg,
img_04373.jpg,
img_04374.jpg,
img_04375.jpg,
img_04376.jpg,
img_04377.jpg,
img_04378.jpg,
img_04379.jpg,
img_04380.jpg,
img_04381.jpg,
img_04382.jpg,
img_04383.jpg,
img_04384.jpg,
img_04385.jpg,
img_04386.jpg,
img_04387.jpg,
img_04388.jpg,
img_04389.jpg,
img_04390.jpg,
img_04391.jpg,
img_04392.jpg,
img_04393.jpg,
img_04394.jpg,
img_04395.jpg,
img_04396.jpg,
img_04397.jpg,
img_04398.jpg,
img_04399.jpg,
img_04400.jpg,
img_04401.jpg,
img_04402.jpg,
img_04403.jpg,
img_04404.jpg,
img_04405.jpg,
img_04406.jpg,
img_04407.jpg,
img_04408.jpg,
img_04409.jpg,
img_04410.jpg,
img_04411.jpg,
img_04412.jpg,
img_04413.jpg,
img_04414.jpg,
img_04415.jpg,
img_04416.jpg,
img_04417.jpg,
img_04418.jpg,
img_04419.jpg,
img_04420.jpg,
img_04421.jpg,
img_04422.jpg,
img_04423.jpg,
img_04424.jpg,
img_04425.jpg,
img_04426.jpg,
img_04427.jpg,
img_04428.jpg,
img_04429.jpg,
img_04430.jpg,
img_04431.jpg,
img_04432.jpg,
img_04433.jpg,
img_04434.jpg,
img_04435.jpg,
img_04436.jpg,
img_04437.jpg,
img_04438.jpg,
img_04439.jpg,
img_04440.jpg,
img_04441.jpg,
img_04442.jpg,
img_04443.jpg,
img_04444.jpg,
img_04445.jpg,
img_04446.jpg,
img_04447.jpg,
img_04448.jpg,
img_04449.jpg,
img_04450.jpg,
img_04451.jpg,
img_04452.jpg,
img_04453.jpg,
img_04454.jpg,
img_04455.jpg,
img_04456.jpg,
img_04457.jpg,
img_04458.jpg,
img_04459.jpg,
img_04460.jpg,
img_04461.jpg,
img_04462.jpg,
img_04463.jpg,
img_04464.jpg,
img_04465.jpg,
img_04466.jpg,
img_04467.jpg,
img_04468.jpg,
img_04469.jpg,
img_04470.jpg,
img_04471.jpg,
img_04472.jpg,
img_04473.jpg,
img_04474.jpg,
img_04475.jpg,
img_04476.jpg,
img_04477.jpg,
img_04478.jpg,
img_04479.jpg,
img_04480.jpg,
img_04481.jpg,
img_04482.jpg,
img_04483.jpg,
img_04484.jpg,
img_04485.jpg,
img_04486.jpg,
img_04487.jpg,
img_04488.jpg,
img_04489.jpg,
img_04490.jpg,
img_04491.jpg,
img_04492.jpg,
img_04493.jpg,
img_04494.jpg,
img_04495.jpg,
img_04496.jpg,
img_04497.jpg,
img_04498.jpg,
img_04499.jpg,
img_04500.jpg,
img_04501.jpg,
img_04502.jpg,
img_04503.jpg,
img_04504.jpg,
img_04505.jpg,
img_04506.jpg,
img_04507.jpg,
img_04508.jpg,
img_04509.jpg,
img_04510.jpg,
img_04511.jpg,
img_04512.jpg,
img_04513.jpg,
img_04514.jpg,
img_04515.jpg,
img_04516.jpg,
img_04517.jpg,
img_04518.jpg,
img_04519.jpg,
img_04520.jpg,
img_04521.jpg,
img_04522.jpg,
img_04523.jpg,
img_04524.jpg,
img_04525.jpg,
img_04526.jpg,
img_04527.jpg,
img_04528.jpg,
img_04529.jpg,
img_04530.jpg,
img_04531.jpg,
img_04532.jpg,
img_04533.jpg,
img_04534.jpg,
img_04535.jpg,
img_04536.jpg,
img_04537.jpg,
img_04538.jpg,
img_04539.jpg,
img_04540.jpg,
img_04541.jpg,
img_04542.jpg,
img_04543.jpg,
img_04544.jpg,
img_04545.jpg,
img_04546.jpg,
img_04547.jpg,
img_04548.jpg,
img_04549.jpg,
img_04550.jpg,
img_04551.jpg,
img_04552.jpg,
img_04553.jpg,
img_04554.jpg,
img_04555.jpg,
img_04556.jpg,
img_04557.jpg,
img_04558.jpg,
img_04559.jpg,
img_04560.jpg,
img_04561.jpg,
img_04562.jpg,
img_04563.jpg,
img_04564.jpg,
img_04565.jpg,
img_04566.jpg,
img_04567.jpg,
img_04568.jpg,
img_04569.jpg,
img_04570.jpg,
img_04571.jpg,
img_04572.jpg,
img_04573.jpg,
img_04574.jpg,
img_04575.jpg,
img_04576.jpg,
img_04577.jpg,
img_04578.jpg,
img_04579.jpg,
img_04580.jpg,
img_04581.jpg,
img_04582.jpg,
img_04583.jpg,
img_04584.jpg,
img_04585.jpg,
img_04586.jpg,
img_04587.jpg,
img_04588.jpg,
img_04589.jpg,
img_04590.jpg,
img_04591.jpg,
img_04592.jpg,
img_04593.jpg,
img_04594.jpg,
img_04595.jpg,
img_04596.jpg,
img_04597.jpg,
img_04598.jpg,
img_04599.jpg,
img_04600.jpg,
img_04601.jpg,
img_04602.jpg,
img_04603.jpg,
img_04604.jpg,
img_04605.jpg,
img_04606.jpg,
img_04607.jpg,
img_04608.jpg,
img_04609.jpg,
img_04610.jpg,
img_04611.jpg,
img_04612.jpg,
img_04613.jpg,
img_04614.jpg,
img_04615.jpg,
img_04616.jpg,
img_04617.jpg,
img_04618.jpg,
img_04619.jpg,
img_04620.jpg,
img_04621.jpg,
img_04622.jpg,
img_04623.jpg,
img_04624.jpg,
img_04625.jpg,
img_04626.jpg,
img_04627.jpg,
img_04628.jpg,
img_04629.jpg,
img_04630.jpg,
img_04631.jpg,
img_04632.jpg,
img_04633.jpg,
img_04634.jpg,
img_04635.jpg,
img_04636.jpg,
img_04637.jpg,
img_04638.jpg,
img_04639.jpg,
img_04640.jpg,
img_04641.jpg,
img_04642.jpg,
img_04643.jpg,
img_04644.jpg,
img_04645.jpg,
img_04646.jpg,
img_04647.jpg,
img_04648.jpg,
img_04649.jpg,
img_04650.jpg,
img_04651.jpg,
img_04652.jpg,
img_04653.jpg,
img_04654.jpg,
img_04655.jpg,
img_04656.jpg,
img_04657.jpg,
img_04658.jpg,
img_04659.jpg,
img_04660.jpg,
img_04661.jpg,
img_04662.jpg,
img_04663.jpg,
img_04664.jpg,
img_04665.jpg,
img_04666.jpg,
img_04667.jpg,
img_04668.jpg,
img_04669.jpg,
img_04670.jpg,
img_04671.jpg,
img_04672.jpg,
img_04673.jpg,
img_04674.jpg,
img_04675.jpg,
img_04676.jpg,
img_04677.jpg,
img_04678.jpg,
img_04679.jpg,
img_04680.jpg,
img_04681.jpg,
img_04682.jpg,
img_04683.jpg,
img_04684.jpg,
img_04685.jpg,
img_04686.jpg,
img_04687.jpg,
img_04688.jpg,
img_04689.jpg,
img_04690.jpg,
img_04691.jpg,
img_04692.jpg,
img_04693.jpg,
img_04694.jpg,
img_04695.jpg,
img_04696.jpg,
img_04697.jpg,
img_04698.jpg,
img_04699.jpg,
img_04700.jpg,
img_04701.jpg,
img_04702.jpg,
img_04703.jpg,
img_04704.jpg,
img_04705.jpg,
img_04706.jpg,
img_04707.jpg,
img_04708.jpg,
img_04709.jpg,
img_04710.jpg,
img_04711.jpg,
img_04712.jpg,
img_04713.jpg,
img_04714.jpg,
img_04715.jpg,
img_04716.jpg,
img_04717.jpg,
img_04718.jpg,
img_04719.jpg,
img_04720.jpg,
img_04721.jpg,
img_04722.jpg,
img_04723.jpg,
img_04724.jpg,
img_04725.jpg,
img_04726.jpg,
img_04727.jpg,
img_04728.jpg,
img_04729.jpg,
img_04730.jpg,
img_04731.jpg,
img_04732.jpg,
img_04733.jpg,
img_04734.jpg,
img_04735.jpg,
img_04736.jpg,
img_04737.jpg,
img_04738.jpg,
img_04739.jpg,
img_04740.jpg,
img_04741.jpg,
img_04742.jpg,
img_04743.jpg,
img_04744.jpg,
img_04745.jpg,
img_04746.jpg,
img_04747.jpg,
img_04748.jpg,
img_04749.jpg,
img_04750.jpg,
img_04751.jpg,
img_04752.jpg,
img_04753.jpg,
img_04754.jpg,
img_04755.jpg,
img_04756.jpg,
img_04757.jpg,
img_04758.jpg,
img_04759.jpg,
img_04760.jpg,
img_04761.jpg,
img_04762.jpg,
img_04763.jpg,
img_04764.jpg,
img_04765.jpg,
img_04766.jpg,
img_04767.jpg,
img_04768.jpg,
img_04769.jpg,
img_04770.jpg,
img_04771.jpg,
img_04772.jpg,
img_04773.jpg,
img_04774.jpg,
img_04775.jpg,
img_04776.jpg,
img_04777.jpg,
img_04778.jpg,
img_04779.jpg,
img_04780.jpg,
img_04781.jpg,
img_04782.jpg,
img_04783.jpg,
img_04784.jpg,
img_04785.jpg,
img_04786.jpg,
img_04787.jpg,
img_04788.jpg,
img_04789.jpg,
img_04790.jpg,
img_04791.jpg,
img_04792.jpg,
img_04793.jpg,
img_04794.jpg,
img_04795.jpg,
img_04796.jpg,
img_04797.jpg,
img_04798.jpg,
img_04799.jpg,
img_04800.jpg,
img_04801.jpg,
img_04802.jpg,
img_04803.jpg,
img_04804.jpg,
img_04805.jpg,
img_04806.jpg,
img_04807.jpg,
img_04808.jpg,
img_04809.jpg,
img_04810.jpg,
img_04811.jpg,
img_04812.jpg,
img_04813.jpg,
img_04814.jpg,
img_04815.jpg,
img_04816.jpg,
img_04817.jpg,
img_04818.jpg,
img_04819.jpg,
img_04820.jpg,
img_04821.jpg,
img_04822.jpg,
img_04823.jpg,
img_04824.jpg,
img_04825.jpg,
img_04826.jpg,
img_04827.jpg,
img_04828.jpg,
img_04829.jpg,
img_04830.jpg,
img_04831.jpg,
