class_name,label_id,ingredients,description
beef_noodles,0,"beef shank, wheat noodles, soy sauce, star anise, rice wine, garlic, ginger, chili bean paste, scallion","Slow-braised beef shank in a rich dark soy and spice broth served over thick chewy wheat noodles with scallion garnish."
braised_pork_over_rice,1,"pork belly, soy sauce, rice wine, rock sugar, five-spice powder, shallots, hard boiled egg, steamed white rice","Melt-in-your-mouth pork belly slow-cooked in soy sauce and sugar glaze served over a bowl of steamed white rice with pickled mustard greens."
bubble_tea,2,"black tea, tapioca pearls, whole milk, sugar syrup, ice cubes","Cold sweetened milk tea shaken with ice and topped with soft chewy tapioca pearls served in a sealed cup with a wide straw."
coffin_toast,3,"thick white bread loaf, cream sauce, chicken breast, green peas, carrot, potato, deep-frying oil","A hollowed-out deep-fried toast box filled with thick creamy chicken and vegetable stew, a savory bread bowl unique to Tainan."
deep-fried_chicken_cutlets,4,"chicken breast, sweet potato starch, basil leaves, garlic, five-spice powder, soy sauce, oyster sauce","Oversized crispy fried chicken breast coated in sweet potato starch and fried with fresh basil leaves until golden and fragrant."
egg_pancake_roll,5,"egg, wheat flour batter, scallion, soy sauce, sesame paste, thin crepe shell","A thin pan-fried crepe wrapped around a fried egg and chopped scallion, drizzled with soy sauce or sesame paste."
grilled_taiwanese_sausage,6,"ground pork, sugar, rice wine, soy sauce, garlic, five-spice powder, natural pork casing","Sweet and savory pork sausages in natural casings grilled over charcoal until caramelized and smoky, served with raw garlic slices."
iron_egg,7,"quail eggs, soy sauce, sugar, five-spice powder, tea leaves, salt","Quail eggs repeatedly braised in spiced soy sauce until they shrink into small dark brown chewy nuggets with intense umami flavor."
mango_shaved_ice,8,"shaved ice, fresh mango, condensed milk, mango sorbet, mango syrup, tapioca","Fluffy snow-like shaved ice piled high with fresh ripe mango chunks, creamy condensed milk, and mango sorbet on top."
mochi,9,"glutinous rice flour, peanut powder, sugar, sesame seeds, red bean paste","Soft round sticky rice cakes made from glutinous rice flour, rolled in roasted peanut powder or filled with sweet red bean paste."
oyster_omelet,10,"fresh oysters, sweet potato starch, egg, pork lard, bean sprouts, sweet chili sauce, cilantro","Pan-fried oysters and egg combined with sweet potato starch into a thick gooey omelet, topped with sweet and tangy red chili sauce."
papaya_milk,11,"fresh papaya, whole milk, ice cubes, sugar, vanilla","Chilled blended drink made from ripe sweet papaya pureed with cold whole milk and a touch of sugar until smooth and creamy."
pineapple_cake,12,"unsalted butter, all-purpose flour, pineapple jam filling, egg yolk, powdered sugar, shortcrust pastry","Bite-sized square shortbread pastry with golden flaky crust filled with sticky pineapple or winter melon jam, a classic Taiwanese souvenir."
potsticker,13,"ground pork, napa cabbage, ginger, garlic, flour dumpling wrapper, sesame oil, soy sauce, black vinegar","Half-moon dumplings pan-fried in oil then steamed to create a crispy golden bottom with juicy pork and cabbage filling."
rice_dumpling,14,"glutinous rice, pork belly, dried shrimp, shiitake mushroom, salted duck egg yolk, bamboo leaves, soy sauce","Glutinous rice stuffed with pork, mushroom, and salted egg yolk then wrapped tightly in bamboo leaves and boiled or steamed."
scallion_pancake,15,"all-purpose flour, scallion, sesame oil, lard, salt, water","Flaky multi-layered flatbread rolled with scallion and sesame oil then pan-fried until crispy golden outside with soft chewy layers inside."
stinky_tofu,16,"fermented tofu, brine, chili sauce, pickled cabbage, kimchi, deep-frying oil, garlic","Deeply fermented tofu with pungent aroma deep-fried until crispy outside and soft inside, served with pickled vegetables and spicy sauce."
sweet_potato_ball,17,"sweet potato, glutinous rice flour, sugar, tapioca starch, deep-frying oil","Hollow golden balls made from mashed sweet potato and glutinous flour, deep-fried until puffy with a crispy skin and chewy inside."
tanghulu,18,"hawthorn berries, sugar, water, bamboo skewer","Fresh hawthorn berries threaded on a bamboo stick and dipped in hot sugar syrup that hardens into a glossy crackly candy shell."
taro_ball,19,"taro, sweet potato, glutinous rice flour, brown sugar, water, ice","Soft colorful chewy balls made from taro and sweet potato paste served in warm or cold brown sugar ginger syrup with red bean."
three-cup_chicken,20,"chicken pieces, sesame oil, soy sauce, rice wine, rock sugar, garlic cloves, ginger, fresh thai basil","Chicken cooked in equal parts sesame oil, soy sauce, and rice wine with whole garlic and ginger until sauce thickens and glazes."
turkey_rice,21,"turkey thigh meat, turkey gravy, steamed white rice, pickled cucumber, crispy shallot, shallot oil","Slow-cooked shredded turkey in savory umami gravy ladled over plain white rice with pickled cucumber and crispy fried shallots."
turnip_cake,22,"daikon radish, rice flour, dried shrimp, dried scallop, five-spice, sesame oil, shallot","Savory steamed cake made from grated daikon and rice flour mixed with dried seafood, sliced and pan-fried until golden on both sides."
xiaolongbao,23,"ground pork, ginger, soy sauce, aspic gelatin broth, thin wheat dumpling skin, sesame oil, black vinegar","Delicate pleated steamed dumplings filled with seasoned pork mixed with aspic that melts into hot broth inside the thin wrapper."
yolk_pastry,24,"salted duck egg yolk, lotus seed paste, lard, all-purpose flour, cake flour, sugar, egg wash","Layered flaky pastry with buttery lard dough wrapped around sweet lotus paste and a whole salted duck egg yolk center."
